"","yr_cyc_num","date_time","lat","long","vmax","mslp","typh_grade"
"1","01","2017123118",8.6,131,20,1006,"DB"
"2","01","2018010100",8.9,129.3,20,1006,"DB"
"3","01","2018010106",9.2,127.6,20,1006,"DB"
"4","01","2018010112",9.3,126.4,25,1004,"TD"
"5","01","2018010118",9.4,124.6,30,1003,"TD"
"6","01","2018010200",9.4,122.5,30,1003,"TD"
"7","01","2018010206",9.3,120.6,30,1003,"TD"
"8","01","2018010212",9.1,119.1,30,1003,"TD"
"9","01","2018010218",9.7,117.6,30,1003,"TD"
"10","01","2018010300",10.4,115.9,35,1001,"TS"
"11","01","2018010306",11,114.6,35,1001,"TS"
"12","01","2018010312",11.5,113.2,30,1003,"TD"
"13","01","2018010318",11.9,111.9,30,1003,"TD"
"14","01","2018010400",12.3,111,25,1005,"TD"
"15","01","2018010406",12.2,110.1,20,1007,"DB"
"16","02","2018020806",9.5,149.8,20,1007,"DB"
"17","02","2018020812",10.2,148.8,20,1007,"WV"
"18","02","2018020818",10.5,147.8,20,1007,"DB"
"19","02","2018020900",10.6,147.1,20,1008,"DB"
"20","02","2018020906",10.5,146,15,1009,"WV"
"21","02","2018020912",10.1,145.1,20,1008,"WV"
"22","02","2018020918",9.2,144.3,20,1007,"WV"
"23","02","2018021000",8.2,143.5,25,1006,"WV"
"24","02","2018021006",7,141.7,25,1005,"WV"
"25","02","2018021012",6.4,140,30,1004,"TD"
"26","02","2018021018",6.4,138.2,30,1004,"TD"
"27","02","2018021100",6.6,137.4,35,1001,"TS"
"28","02","2018021106",6.9,135.9,35,1001,"TS"
"29","02","2018021112",7.1,134.4,40,999,"TS"
"30","02","2018021118",6.8,132.9,35,1002,"TS"
"31","02","2018021200",6.9,132,35,1003,"TS"
"32","02","2018021206",7.1,130.6,35,1003,"TS"
"33","02","2018021212",8.1,129,35,1003,"TS"
"34","02","2018021218",9,127.3,35,1002,"TS"
"35","02","2018021300",9.6,126.1,35,1003,"TS"
"36","02","2018021306",9.8,124.9,30,1005,"TD"
"37","02","2018021312",9.3,123.3,25,1007,"TD"
"38","02","2018021318",8.8,121.8,20,1009,"WV"
"39","02","2018021400",8.4,120.4,20,1009,"WV"
"40","02","2018021406",7.7,120,25,1007,"LO"
"41","02","2018021412",7.6,119.8,25,1007,"LO"
"42","02","2018021418",7.8,119.9,25,1006,"TD"
"43","02","2018021500",8,119.8,20,1007,"DB"
"44","02","2018021506",8.7,119.2,20,1008,"DB"
"45","02","2018021512",9.1,118.2,20,1008,"DB"
"46","02","2018021518",9.3,117.4,15,1010,"DB"
"47","03","2018032306",4.4,147.4,20,1007,"DB"
"48","03","2018032312",4.8,146.9,20,1003,"DB"
"49","03","2018032318",5.1,146.4,20,1003,"DB"
"50","03","2018032400",5.3,145.9,20,1003,"DB"
"51","03","2018032406",5.6,145.2,20,1003,"DB"
"52","03","2018032412",5.8,143.9,20,1004,"DB"
"53","03","2018032418",6,142.5,25,1003,"DB"
"54","03","2018032500",6.2,141.1,30,1000,"TD"
"55","03","2018032506",6.3,140.3,30,1002,"TD"
"56","03","2018032512",6.5,139.3,25,1004,"TD"
"57","03","2018032518",6.9,138.3,25,1004,"TD"
"58","03","2018032600",7.5,137.4,30,1003,"TD"
"59","03","2018032606",8.2,136.7,30,1002,"TD"
"60","03","2018032612",8.7,136.1,30,1002,"TD"
"61","03","2018032618",9.1,135.5,30,1000,"TD"
"62","03","2018032700",9.5,134.8,30,1001,"TD"
"63","03","2018032706",9.7,135.2,30,1001,"TD"
"64","03","2018032712",10.4,135.3,30,1001,"TD"
"65","03","2018032718",11.2,135.4,35,998,"TS"
"66","03","2018032800",12.3,135.5,40,997,"TS"
"67","03","2018032806",13.7,135.5,45,995,"TS"
"68","03","2018032812",14.4,135.4,50,994,"TS"
"69","03","2018032812",14.4,135.4,50,994,"TS"
"70","03","2018032818",15.2,135.4,55,990,"TS"
"71","03","2018032818",15.2,135.4,55,990,"TS"
"72","03","2018032900",15.2,135.7,55,990,"TS"
"73","03","2018032900",15.2,135.7,55,990,"TS"
"74","03","2018032906",15.2,135.9,55,989,"TS"
"75","03","2018032906",15.2,135.9,55,989,"TS"
"76","03","2018032912",15.2,136.3,60,986,"TS"
"77","03","2018032912",15.2,136.3,60,986,"TS"
"78","03","2018032918",15.3,136.9,70,977,"TY"
"79","03","2018032918",15.3,136.9,70,977,"TY"
"80","03","2018032918",15.3,136.9,70,977,"TY"
"81","03","2018033000",15.7,137.4,90,963,"TY"
"82","03","2018033000",15.7,137.4,90,963,"TY"
"83","03","2018033000",15.7,137.4,90,963,"TY"
"84","03","2018033006",16.2,138.1,115,942,"TY"
"85","03","2018033006",16.2,138.1,115,942,"TY"
"86","03","2018033006",16.2,138.1,115,942,"TY"
"87","03","2018033012",16.8,139.1,130,926,"ST"
"88","03","2018033012",16.8,139.1,130,926,"ST"
"89","03","2018033012",16.8,139.1,130,926,"ST"
"90","03","2018033018",17.5,139.9,120,936,"TY"
"91","03","2018033018",17.5,139.9,120,936,"TY"
"92","03","2018033018",17.5,139.9,120,936,"TY"
"93","03","2018033100",18.1,140.7,100,955,"TY"
"94","03","2018033100",18.1,140.7,100,955,"TY"
"95","03","2018033100",18.1,140.7,100,955,"TY"
"96","03","2018033106",18.3,141.6,75,974,"TY"
"97","03","2018033106",18.3,141.6,75,974,"TY"
"98","03","2018033106",18.3,141.6,75,974,"TY"
"99","03","2018033112",18.4,142.5,55,984,"TS"
"100","03","2018033112",18.4,142.5,55,984,"TS"
"101","03","2018033118",18.8,144.4,50,989,"TS"
"102","03","2018033118",18.8,144.4,50,989,"TS"
"103","03","2018040100",19.3,145.3,45,993,"TS"
"104","03","2018040106",19.8,146,40,992,"SS"
"105","03","2018040112",19.9,146.8,40,991,"SS"
"106","03","2018040118",19.9,147.8,40,994,"SS"
"107","03","2018040200",19.9,148.6,40,993,"SS"
"108","03","2018040206",19.8,149.3,35,996,"SS"
"109","03","2018040212",19.7,150.1,35,996,"SS"
"110","04","2018050900",14.5,153,20,1007,"DB"
"111","04","2018050906",14.6,152.9,20,1007,"DB"
"112","04","2018050912",14.9,153.1,20,1007,"DB"
"113","04","2018050918",15.1,153.1,20,1007,"DB"
"114","04","2018051000",15.3,153.1,20,1007,"DB"
"115","04","2018051003",15.9,153.2,20,1007,"DB"
"116","04","2018051006",16.2,152.9,20,1007,"DB"
"117","04","2018051012",16.5,152.5,20,1006,"DB"
"118","04","2018051018",16.7,151.9,25,1006,"TD"
"119","04","2018051100",16.8,151.3,30,1005,"TD"
"120","04","2018051106",17,150.7,30,1005,"TD"
"121","04","2018051112",17.5,150.1,30,1005,"TD"
"122","04","2018051118",18.1,149.5,30,1005,"TD"
"123","04","2018051200",18.5,148.9,30,1005,"TD"
"124","04","2018051206",18.7,148.2,30,1005,"TD"
"125","04","2018051212",18.8,147.5,35,1004,"TS"
"126","04","2018051218",19,147,35,1004,"TS"
"127","04","2018051300",19.4,146.5,35,1004,"TS"
"128","04","2018051306",20.1,145.8,30,1005,"TD"
"129","04","2018051312",20.4,145,30,1006,"TD"
"130","04","2018051318",20.9,144.5,25,1008,"TD"
"131","04","2018051400",21.4,144.4,25,1008,"TD"
"132","04","2018051406",22.3,144.2,20,1008,"DB"
"133","04","2018051412",23,144.1,20,1009,"DB"
"134","04","2018051418",23.3,144.9,20,1009,"DB"
"135","05","2018060206",12.3,112.6,20,1007,"DB"
"136","05","2018060212",12.6,111.4,25,1005,"TD"
"137","05","2018060218",13.2,111,25,1005,"TD"
"138","05","2018060300",13.8,110.8,25,1004,"TD"
"139","05","2018060306",14.8,110.5,25,1003,"TD"
"140","05","2018060312",15.1,110.5,25,1004,"TD"
"141","05","2018060318",15.4,110.4,25,1003,"TD"
"142","05","2018060400",15.6,110.2,25,1003,"TD"
"143","05","2018060406",15.8,110.4,25,1001,"TD"
"144","05","2018060412",16.1,110.9,25,1001,"TD"
"145","05","2018060418",16.7,111.3,25,1001,"TD"
"146","05","2018060500",17.5,111.4,30,1000,"TD"
"147","05","2018060506",18.6,111.5,30,1000,"TD"
"148","05","2018060512",19.9,111.4,30,1000,"TD"
"149","05","2018060518",20.4,110.9,35,1000,"TS"
"150","05","2018060600",20.2,110.4,35,1000,"TS"
"151","05","2018060606",20.2,110.2,35,999,"TS"
"152","05","2018060612",20.3,110.6,30,997,"TD"
"153","05","2018060618",20.4,110.8,30,997,"TD"
"154","05","2018060700",20.6,111.1,35,996,"TS"
"155","05","2018060706",21,111.6,40,996,"TS"
"156","05","2018060712",21.6,112.1,40,996,"TS"
"157","05","2018060718",22.2,112.2,35,996,"TS"
"158","05","2018060800",22.7,112.3,30,1000,"TD"
"159","05","2018060806",23.1,112.4,25,1004,"TD"
"160","05","2018060812",23.3,112.5,20,1007,"DB"
"161","06","2018060700",15.6,127,20,1003,"LO"
"162","06","2018060706",15.6,126.7,25,1002,"LO"
"163","06","2018060712",15.8,126.4,30,998,"TD"
"164","06","2018060718",16.5,126.7,35,995,"TS"
"165","06","2018060800",17.7,127.1,40,993,"TS"
"166","06","2018060806",19,127.1,40,993,"TS"
"167","06","2018060812",19.9,126.8,40,993,"TS"
"168","06","2018060818",20.7,126.8,45,991,"TS"
"169","06","2018060900",21.4,126.9,50,985,"TS"
"170","06","2018060900",21.4,126.9,50,985,"TS"
"171","06","2018060906",22.3,127.4,55,980,"TS"
"172","06","2018060906",22.3,127.4,55,980,"TS"
"173","06","2018060912",22.9,128.2,55,980,"TS"
"174","06","2018060912",22.9,128.2,55,980,"TS"
"175","06","2018060918",24.1,129.3,55,979,"TS"
"176","06","2018060918",24.1,129.3,55,979,"TS"
"177","06","2018061000",25.3,130.7,60,974,"TS"
"178","06","2018061000",25.3,130.7,60,974,"TS"
"179","06","2018061006",26.4,132,55,977,"TS"
"180","06","2018061006",26.4,132,55,977,"TS"
"181","06","2018061012",27.8,134.2,50,979,"TS"
"182","06","2018061012",27.8,134.2,50,979,"TS"
"183","06","2018061018",29.2,136.4,50,979,"TS"
"184","06","2018061018",29.2,136.4,50,979,"TS"
"185","06","2018061100",30.9,138.5,50,978,"TS"
"186","06","2018061100",30.9,138.5,50,978,"TS"
"187","06","2018061106",32.9,141.4,45,976,"TS"
"188","06","2018061112",34.9,144.5,45,976,"EX"
"189","06","2018061118",36.9,147,40,975,"EX"
"190","07","2018061300",20.9,120.3,30,996,"SD"
"191","07","2018061306",21.7,121.8,30,996,"SD"
"192","07","2018061312",22.7,122.7,30,996,"SD"
"193","07","2018061318",23.8,123.5,30,996,"SD"
"194","07","2018061400",25.3,124.5,35,993,"SS"
"195","07","2018061406",26.8,126.4,35,994,"EX"
"196","08","2018061400",21.6,118.3,30,1000,"LO"
"197","08","2018061406",21.7,119,30,1000,"TD"
"198","08","2018061412",22.3,119.6,30,998,"TD"
"199","08","2018061418",22.7,120.2,35,993,"TS"
"200","08","2018061500",22.8,120.7,30,1000,"TD"
"201","08","2018061506",23.6,122,35,995,"TS"
"202","08","2018061512",24.9,123.6,35,995,"TS"
"203","08","2018061518",25.7,124.8,40,993,"SS"
"204","08","2018061600",26.3,127,40,992,"SS"
"205","08","2018061606",26.8,129.2,45,990,"SS"
"206","08","2018061612",27.2,130.8,40,993,"EX"
"207","08","2018061618",28.2,131.2,40,993,"EX"
"208","08","2018061700",28.5,132,35,996,"EX"
"209","08","2018061706",29.3,132.7,35,996,"EX"
"210","09","2018062712",18.7,134,20,1007,"DB"
"211","09","2018062718",19.1,133.2,15,1010,"LO"
"212","09","2018062800",19.6,132.8,15,1010,"LO"
"213","09","2018062806",20,132.5,20,1007,"DB"
"214","09","2018062812",20.1,131.6,25,1004,"TD"
"215","09","2018062818",19.8,131,30,1000,"TD"
"216","09","2018062900",19.4,130.5,35,999,"TS"
"217","09","2018062906",19.8,130.5,40,996,"TS"
"218","09","2018062912",20,130.3,45,993,"TS"
"219","09","2018062918",20.3,129.7,50,990,"TS"
"220","09","2018062918",20.3,129.7,50,990,"TS"
"221","09","2018063000",20.8,129.5,50,991,"TS"
"222","09","2018063000",20.8,129.5,50,991,"TS"
"223","09","2018063006",21,128.9,45,993,"TS"
"224","09","2018063012",21.9,128.5,45,993,"TS"
"225","09","2018063018",22.9,127.9,45,993,"TS"
"226","09","2018070100",23.7,127.5,50,989,"TS"
"227","09","2018070100",23.7,127.5,50,989,"TS"
"228","09","2018070106",24.6,127.2,55,985,"TS"
"229","09","2018070106",24.6,127.2,55,985,"TS"
"230","09","2018070112",25.3,126.9,60,980,"TS"
"231","09","2018070112",25.3,126.9,60,980,"TS"
"232","09","2018070118",26.2,126.8,65,976,"TY"
"233","09","2018070118",26.2,126.8,65,976,"TY"
"234","09","2018070118",26.2,126.8,65,976,"TY"
"235","09","2018070200",27.2,127,75,968,"TY"
"236","09","2018070200",27.2,127,75,968,"TY"
"237","09","2018070200",27.2,127,75,968,"TY"
"238","09","2018070206",28.2,127.3,80,962,"TY"
"239","09","2018070206",28.2,127.3,80,962,"TY"
"240","09","2018070206",28.2,127.3,80,962,"TY"
"241","09","2018070212",29.5,127.7,80,962,"TY"
"242","09","2018070212",29.5,127.7,80,962,"TY"
"243","09","2018070212",29.5,127.7,80,962,"TY"
"244","09","2018070218",30.7,127.9,80,960,"TY"
"245","09","2018070218",30.7,127.9,80,960,"TY"
"246","09","2018070218",30.7,127.9,80,960,"TY"
"247","09","2018070300",32,128.3,75,963,"TY"
"248","09","2018070300",32,128.3,75,963,"TY"
"249","09","2018070300",32,128.3,75,963,"TY"
"250","09","2018070306",33.2,128.9,70,966,"TY"
"251","09","2018070306",33.2,128.9,70,966,"TY"
"252","09","2018070306",33.2,128.9,70,966,"TY"
"253","09","2018070312",34.4,129.8,60,970,"TS"
"254","09","2018070312",34.4,129.8,60,970,"TS"
"255","09","2018070318",35.8,130.9,55,974,"TS"
"256","09","2018070318",35.8,130.9,55,974,"TS"
"257","09","2018070400",37.4,132.4,50,979,"TS"
"258","09","2018070400",37.4,132.4,50,979,"TS"
"259","09","2018070406",39.2,134.7,45,981,"EX"
"260","09","2018070412",40.4,136.7,35,990,"EX"
"261","09","2018070418",41,137.9,30,991,"EX"
"262","09","2018070500",41.2,139.4,30,989,"EX"
"263","10","2018070300",9.7,146.4,20,1007,"DB"
"264","10","2018070306",10.5,146.7,20,1007,"DB"
"265","10","2018070312",11.1,146.7,25,1004,"TD"
"266","10","2018070318",11.4,146.6,30,1001,"TD"
"267","10","2018070400",11.7,146.3,35,999,"TS"
"268","10","2018070406",12.3,146,40,998,"TS"
"269","10","2018070412",12.8,145.4,45,993,"TS"
"270","10","2018070418",13.5,144.9,55,984,"TS"
"271","10","2018070418",13.5,144.9,55,984,"TS"
"272","10","2018070500",14,144,60,983,"TS"
"273","10","2018070500",14,144,60,983,"TS"
"274","10","2018070506",14.5,143.3,70,981,"TY"
"275","10","2018070506",14.5,143.3,70,981,"TY"
"276","10","2018070506",14.5,143.3,70,981,"TY"
"277","10","2018070512",14.8,142.7,85,970,"TY"
"278","10","2018070512",14.8,142.7,85,970,"TY"
"279","10","2018070512",14.8,142.7,85,970,"TY"
"280","10","2018070518",15.4,142.4,115,944,"TY"
"281","10","2018070518",15.4,142.4,115,944,"TY"
"282","10","2018070518",15.4,142.4,115,944,"TY"
"283","10","2018070600",15.9,142,135,924,"ST"
"284","10","2018070600",15.9,142,135,924,"ST"
"285","10","2018070600",15.9,142,135,924,"ST"
"286","10","2018070606",16.5,141.6,130,927,"ST"
"287","10","2018070606",16.5,141.6,130,927,"ST"
"288","10","2018070606",16.5,141.6,130,927,"ST"
"289","10","2018070612",16.7,141.3,130,925,"ST"
"290","10","2018070612",16.7,141.3,130,925,"ST"
"291","10","2018070612",16.7,141.3,130,925,"ST"
"292","10","2018070618",16.9,140.9,120,935,"TY"
"293","10","2018070618",16.9,140.9,120,935,"TY"
"294","10","2018070618",16.9,140.9,120,935,"TY"
"295","10","2018070700",17.2,140.8,115,939,"TY"
"296","10","2018070700",17.2,140.8,115,939,"TY"
"297","10","2018070700",17.2,140.8,115,939,"TY"
"298","10","2018070706",17.6,140.6,120,934,"TY"
"299","10","2018070706",17.6,140.6,120,934,"TY"
"300","10","2018070706",17.6,140.6,120,934,"TY"
"301","10","2018070712",18,140.3,120,934,"TY"
"302","10","2018070712",18,140.3,120,934,"TY"
"303","10","2018070712",18,140.3,120,934,"TY"
"304","10","2018070718",18.7,139.5,125,930,"TY"
"305","10","2018070718",18.7,139.5,125,930,"TY"
"306","10","2018070718",18.7,139.5,125,930,"TY"
"307","10","2018070800",19.1,138.8,135,919,"ST"
"308","10","2018070800",19.1,138.8,135,919,"ST"
"309","10","2018070800",19.1,138.8,135,919,"ST"
"310","10","2018070806",19.8,137.8,140,914,"ST"
"311","10","2018070806",19.8,137.8,140,914,"ST"
"312","10","2018070806",19.8,137.8,140,914,"ST"
"313","10","2018070812",20.5,136.5,145,910,"ST"
"314","10","2018070812",20.5,136.5,145,910,"ST"
"315","10","2018070812",20.5,136.5,145,910,"ST"
"316","10","2018070818",21.1,135.1,145,910,"ST"
"317","10","2018070818",21.1,135.1,145,910,"ST"
"318","10","2018070818",21.1,135.1,145,910,"ST"
"319","10","2018070900",21.8,133.5,140,917,"ST"
"320","10","2018070900",21.8,133.5,140,917,"ST"
"321","10","2018070900",21.8,133.5,140,917,"ST"
"322","10","2018070906",22.4,131.9,130,925,"ST"
"323","10","2018070906",22.4,131.9,130,925,"ST"
"324","10","2018070906",22.4,131.9,130,925,"ST"
"325","10","2018070912",22.9,130.3,125,929,"TY"
"326","10","2018070912",22.9,130.3,125,929,"TY"
"327","10","2018070912",22.9,130.3,125,929,"TY"
"328","10","2018070918",23.5,128.7,115,937,"TY"
"329","10","2018070918",23.5,128.7,115,937,"TY"
"330","10","2018070918",23.5,128.7,115,937,"TY"
"331","10","2018071000",24,127.2,105,945,"TY"
"332","10","2018071000",24,127.2,105,945,"TY"
"333","10","2018071000",24,127.2,105,945,"TY"
"334","10","2018071006",24.7,125.4,100,950,"TY"
"335","10","2018071006",24.7,125.4,100,950,"TY"
"336","10","2018071006",24.7,125.4,100,950,"TY"
"337","10","2018071012",25.3,124,95,953,"TY"
"338","10","2018071012",25.3,124,95,953,"TY"
"339","10","2018071012",25.3,124,95,953,"TY"
"340","10","2018071018",26.2,122.2,95,952,"TY"
"341","10","2018071018",26.2,122.2,95,952,"TY"
"342","10","2018071018",26.2,122.2,95,952,"TY"
"343","10","2018071100",26.4,120,95,951,"TY"
"344","10","2018071100",26.4,120,95,951,"TY"
"345","10","2018071100",26.4,120,95,951,"TY"
"346","10","2018071106",26.5,118.5,75,969,"TY"
"347","10","2018071106",26.5,118.5,75,969,"TY"
"348","10","2018071106",26.5,118.5,75,969,"TY"
"349","10","2018071112",26.7,116.4,55,983,"TS"
"350","10","2018071112",26.7,116.4,55,983,"TS"
"351","10","2018071118",27.5,115.3,30,996,"TD"
"352","11","2018071312",19,137.8,20,1007,"DB"
"353","11","2018071318",19.4,136.9,20,1007,"DB"
"354","11","2018071400",19.8,136,25,1004,"TD"
"355","11","2018071406",20.3,134.9,25,1004,"TD"
"356","11","2018071412",20.5,133.8,25,1003,"TD"
"357","11","2018071418",20.6,132.2,25,1003,"TD"
"358","11","2018071500",20.3,130.8,25,1003,"TD"
"359","11","2018071506",19.6,129.5,25,1003,"TD"
"360","11","2018071512",18.9,128.4,25,1002,"TD"
"361","11","2018071518",19.2,126.9,25,1000,"TD"
"362","11","2018071600",19,125.4,30,1001,"TD"
"363","11","2018071606",18.8,124.2,30,1001,"TD"
"364","11","2018071612",18.6,122.7,35,999,"TS"
"365","11","2018071618",19.4,120.8,35,996,"TS"
"366","11","2018071700",19.5,118.2,40,996,"TS"
"367","11","2018071706",19.3,115.7,40,996,"TS"
"368","11","2018071712",19.1,113.5,40,993,"TS"
"369","11","2018071718",18.9,111.3,40,997,"TS"
"370","11","2018071800",18.9,109.5,40,997,"TS"
"371","11","2018071806",18.9,108,45,991,"TS"
"372","11","2018071812",18.7,106.7,50,989,"TS"
"373","11","2018071812",18.7,106.7,50,989,"TS"
"374","11","2018071818",19,105.5,45,992,"TS"
"375","11","2018071900",19.2,104.6,40,994,"TS"
"376","11","2018071906",19.4,103.8,35,996,"TS"
"377","11","2018071912",19.8,103.1,30,999,"TD"
"378","11","2018071918",20.1,102.6,25,1003,"TD"
"379","11","2018072000",20.6,102.5,20,1007,"DB"
"380","11","2018072006",20.8,103,20,1007,"DB"
"381","11","2018072012",20.8,103.5,15,1005,"DB"
"382","11","2018072018",20.8,104.1,15,1001,"DB"
"383","11","2018072100",20.6,105.1,20,1003,"DB"
"384","11","2018072106",19.9,106,25,999,"TD"
"385","11","2018072112",19.6,106.6,30,997,"TD"
"386","11","2018072118",19.4,107.2,35,996,"TS"
"387","11","2018072200",19.2,107.8,35,994,"TS"
"388","11","2018072206",19,108.3,35,993,"TS"
"389","11","2018072212",19,108.8,35,993,"TS"
"390","11","2018072218",19.3,109.2,35,996,"TS"
"391","11","2018072300",19.7,109.7,35,997,"TS"
"392","11","2018072306",20.3,110.3,30,996,"TD"
"393","11","2018072312",21.1,110.5,30,995,"TD"
"394","11","2018072318",21.3,110.5,30,999,"TD"
"395","11","2018072400",21.7,110,25,998,"TD"
"396","11","2018072406",22.1,109.3,20,999,"DB"
"397","12","2018071812",19.6,129.4,30,1000,"MD"
"398","12","2018071818",19.8,130.1,35,996,"MD"
"399","12","2018071900",20.1,130.9,40,993,"MD"
"400","12","2018071906",20.6,131.5,40,992,"TS"
"401","12","2018071912",21.1,131.7,40,989,"TS"
"402","12","2018071918",21.9,131.4,45,989,"TS"
"403","12","2018072000",22.6,131,45,989,"TS"
"404","12","2018072006",23.3,130.6,45,989,"TS"
"405","12","2018072012",24.4,129.8,45,987,"TS"
"406","12","2018072018",25.4,128.9,45,985,"TS"
"407","12","2018072100",26.6,127.9,45,986,"TS"
"408","12","2018072106",27.7,126.8,45,983,"TS"
"409","12","2018072112",28.8,125.6,45,985,"TS"
"410","12","2018072118",29.8,124,50,985,"TS"
"411","12","2018072118",29.8,124,50,985,"TS"
"412","12","2018072200",30.8,123,55,982,"TS"
"413","12","2018072200",30.8,123,55,982,"TS"
"414","12","2018072206",31.9,122,55,982,"TS"
"415","12","2018072206",31.9,122,55,982,"TS"
"416","12","2018072212",32.6,120.9,45,989,"TS"
"417","12","2018072218",33.5,119.7,40,993,"TS"
"418","12","2018072300",34.4,119,35,991,"TS"
"419","12","2018072306",35.4,118.4,30,989,"TD"
"420","12","2018072312",36.6,117.8,30,1000,"TD"
"421","12","2018072318",37.7,117.5,25,1004,"TD"
"422","12","2018072400",39.1,117.5,25,1004,"TD"
"423","12","2018072406",40.1,118.4,25,1004,"TD"
"424","12","2018072412",41.6,120.2,25,1004,"TD"
"425","13","2018072012",18,116.4,25,1003,"TD"
"426","13","2018072018",17.8,117.8,30,1000,"TD"
"427","13","2018072100",17.9,118.6,35,996,"TS"
"428","13","2018072106",18.4,119.9,35,996,"TS"
"429","13","2018072112",18.8,120.9,35,995,"TS"
"430","13","2018072118",19.7,121.9,30,998,"TD"
"431","13","2018072200",20.5,123.3,25,1002,"LO"
"432","13","2018072206",21.7,124.1,25,1002,"LO"
"433","13","2018072212",23.2,124.1,25,1003,"LO"
"434","13","2018072218",24.7,124.1,25,1003,"LO"
"435","13","2018072300",26.1,123.8,25,1003,"LO"
"436","13","2018072306",28.3,123.6,20,1006,"LO"
"437","13","2018072312",30,123.1,20,1007,"LO"
"438","14","2018072106",20.6,158.8,20,1008,"WV"
"439","14","2018072112",21.1,158.9,20,1008,"WV"
"440","14","2018072118",21.7,159,20,1007,"DB"
"441","14","2018072200",22.1,159.2,25,1005,"TD"
"442","14","2018072206",22.8,159.3,30,1003,"TD"
"443","14","2018072212",23.7,159.4,30,1002,"TD"
"444","14","2018072218",24.4,159.3,35,997,"TS"
"445","14","2018072300",25.2,159.6,35,996,"TS"
"446","14","2018072306",26.1,159.2,40,993,"TS"
"447","14","2018072312",27.2,159.3,45,991,"TS"
"448","14","2018072318",28.4,159.1,45,990,"TS"
"449","14","2018072400",29.2,159,45,990,"TS"
"450","14","2018072406",30.1,158.8,45,989,"TS"
"451","14","2018072412",30.8,158.5,50,986,"TS"
"452","14","2018072412",30.8,158.5,50,986,"TS"
"453","14","2018072418",31.7,158.2,55,981,"TS"
"454","14","2018072418",31.7,158.2,55,981,"TS"
"455","14","2018072500",32.7,158,60,977,"TS"
"456","14","2018072500",32.7,158,60,977,"TS"
"457","14","2018072506",33.9,157.8,65,974,"TY"
"458","14","2018072506",33.9,157.8,65,974,"TY"
"459","14","2018072506",33.9,157.8,65,974,"TY"
"460","14","2018072512",35.3,157.3,60,977,"TS"
"461","14","2018072512",35.3,157.3,60,977,"TS"
"462","14","2018072518",37.1,156.1,60,978,"TS"
"463","14","2018072518",37.1,156.1,60,978,"TS"
"464","14","2018072600",38.5,154.7,55,984,"TS"
"465","14","2018072600",38.5,154.7,55,984,"TS"
"466","14","2018072606",40,153.5,45,991,"TS"
"467","14","2018072612",41.3,152.4,35,997,"TS"
"468","14","2018072618",43,152,25,1003,"TD"
"469","14","2018072700",44.5,152.1,20,1007,"DB"
"470","14","2018072706",45.9,153.2,20,1007,"EX"
"471","15","2018072300",15.2,137.4,15,1010,"LO"
"472","15","2018072306",15.7,137,20,1007,"LO"
"473","15","2018072312",16.2,136.5,20,1007,"LO"
"474","15","2018072318",17.2,136.5,25,1004,"TD"
"475","15","2018072400",18.1,136.6,30,1000,"TD"
"476","15","2018072406",18.7,136.6,35,998,"TS"
"477","15","2018072412",19.3,136.6,40,996,"TS"
"478","15","2018072418",20.2,136.6,45,994,"TS"
"479","15","2018072500",20.8,136.7,40,997,"TS"
"480","15","2018072506",21.5,137.1,40,996,"TS"
"481","15","2018072512",21.9,137.3,45,993,"TS"
"482","15","2018072518",22.1,137.6,55,986,"TS"
"483","15","2018072518",22.1,137.6,55,986,"TS"
"484","15","2018072600",22.5,138.5,55,986,"TS"
"485","15","2018072600",22.5,138.5,55,986,"TS"
"486","15","2018072606",23,139.3,60,981,"TS"
"487","15","2018072606",23,139.3,60,981,"TS"
"488","15","2018072612",23.5,140.3,65,976,"TY"
"489","15","2018072612",23.5,140.3,65,976,"TY"
"490","15","2018072612",23.5,140.3,65,976,"TY"
"491","15","2018072618",24,141.2,75,967,"TY"
"492","15","2018072618",24,141.2,75,967,"TY"
"493","15","2018072618",24,141.2,75,967,"TY"
"494","15","2018072700",25,142.5,85,958,"TY"
"495","15","2018072700",25,142.5,85,958,"TY"
"496","15","2018072700",25,142.5,85,958,"TY"
"497","15","2018072706",26.5,143.8,90,952,"TY"
"498","15","2018072706",26.5,143.8,90,952,"TY"
"499","15","2018072706",26.5,143.8,90,952,"TY"
"500","15","2018072712",28.3,144.6,90,952,"TY"
"501","15","2018072712",28.3,144.6,90,952,"TY"
"502","15","2018072712",28.3,144.6,90,952,"TY"
"503","15","2018072718",30.5,144.2,90,950,"TY"
"504","15","2018072718",30.5,144.2,90,950,"TY"
"505","15","2018072718",30.5,144.2,90,950,"TY"
"506","15","2018072800",32.3,142.8,85,955,"TY"
"507","15","2018072800",32.3,142.8,85,955,"TY"
"508","15","2018072800",32.3,142.8,85,955,"TY"
"509","15","2018072806",33.8,140.5,80,960,"TY"
"510","15","2018072806",33.8,140.5,80,960,"TY"
"511","15","2018072806",33.8,140.5,80,960,"TY"
"512","15","2018072812",34.2,138.3,70,966,"TY"
"513","15","2018072812",34.2,138.3,70,966,"TY"
"514","15","2018072812",34.2,138.3,70,966,"TY"
"515","15","2018072818",34.8,135.9,60,973,"TS"
"516","15","2018072818",34.8,135.9,60,973,"TS"
"517","15","2018072900",34.6,133.4,45,990,"TS"
"518","15","2018072906",34,131.6,35,992,"TS"
"519","15","2018072912",33.2,130.3,30,995,"TD"
"520","15","2018072918",32,129.4,30,995,"TD"
"521","15","2018073000",31.1,129.3,30,995,"TD"
"522","15","2018073006",30.3,129.3,30,995,"TD"
"523","15","2018073012",29.2,129.7,30,995,"TD"
"524","15","2018073018",28.9,130.7,30,995,"TD"
"525","15","2018073100",29.5,131.8,35,993,"TS"
"526","15","2018073106",30.5,131.7,35,993,"TS"
"527","15","2018073112",31,130.4,35,993,"TS"
"528","15","2018073118",30.8,128.7,35,993,"TS"
"529","15","2018080100",30.2,128,30,996,"TD"
"530","15","2018080106",29.6,127,30,996,"TD"
"531","15","2018080112",28.8,126.8,30,995,"TD"
"532","15","2018080118",28.5,126.6,30,995,"TD"
"533","15","2018080200",28.6,127,30,993,"TD"
"534","15","2018080206",29.3,126.7,35,990,"TS"
"535","15","2018080212",30.5,125,30,993,"TD"
"536","15","2018080218",30.8,122.7,30,993,"TD"
"537","15","2018080300",30.5,121.6,25,995,"TD"
"538","15","2018080306",30.9,121.2,25,995,"TD"
"539","15","2018080312",32,120.6,20,998,"DB"
"540","15","2018080318",33.3,119.2,20,998,"DB"
"541","15","2018080400",33.9,118.2,20,998,"DB"
"542","15","2018080406",34.1,117.3,15,998,"DB"
"543","16","2018073000",26.5,152.3,20,1004,"DB"
"544","16","2018073006",27.4,152.5,25,1004,"TD"
"545","16","2018073012",28.4,152.5,30,1000,"TD"
"546","16","2018073018",29.4,152.5,30,1000,"TD"
"547","16","2018073100",30.4,152.2,30,1000,"TD"
"548","16","2018073106",31.6,151.3,30,1000,"TD"
"549","16","2018073112",32.9,150.7,30,1000,"TD"
"550","16","2018073118",34.1,150,30,1000,"TD"
"551","16","2018080100",34.8,149.5,30,1000,"TD"
"552","16","2018080106",35.3,149.5,30,1000,"SD"
"553","16","2018080112",36.1,149.8,35,996,"SS"
"554","16","2018080118",36.7,151,35,996,"SS"
"555","16","2018080200",37.4,152.4,35,996,"SS"
"556","17","2018080200",18.5,152.9,15,1010,"LO"
"557","17","2018080206",18.3,152.4,20,1007,"DB"
"558","17","2018080212",18.1,151.9,20,1007,"DB"
"559","17","2018080218",17.9,151.4,25,1004,"TD"
"560","17","2018080300",18,150.9,30,1000,"TD"
"561","17","2018080306",18.1,150.5,40,994,"TS"
"562","17","2018080312",18.5,150,45,991,"TS"
"563","17","2018080318",19.3,149.6,50,988,"TS"
"564","17","2018080318",19.3,149.6,50,988,"TS"
"565","17","2018080400",20.1,149.2,55,985,"TS"
"566","17","2018080400",20.1,149.2,55,985,"TS"
"567","17","2018080406",20.9,148.8,65,977,"TY"
"568","17","2018080406",20.9,148.8,65,977,"TY"
"569","17","2018080406",20.9,148.8,65,977,"TY"
"570","17","2018080412",21.8,148.2,70,974,"TY"
"571","17","2018080412",21.8,148.2,70,974,"TY"
"572","17","2018080412",21.8,148.2,70,974,"TY"
"573","17","2018080418",22.4,147.7,75,969,"TY"
"574","17","2018080418",22.4,147.7,75,969,"TY"
"575","17","2018080418",22.4,147.7,75,969,"TY"
"576","17","2018080500",23.1,147.5,75,969,"TY"
"577","17","2018080500",23.1,147.5,75,969,"TY"
"578","17","2018080500",23.1,147.5,75,969,"TY"
"579","17","2018080506",24,147.4,75,968,"TY"
"580","17","2018080506",24,147.4,75,968,"TY"
"581","17","2018080506",24,147.4,75,968,"TY"
"582","17","2018080512",24.8,147.1,75,967,"TY"
"583","17","2018080512",24.8,147.1,75,967,"TY"
"584","17","2018080512",24.8,147.1,75,967,"TY"
"585","17","2018080518",25.7,146.6,75,967,"TY"
"586","17","2018080518",25.7,146.6,75,967,"TY"
"587","17","2018080518",25.7,146.6,75,967,"TY"
"588","17","2018080600",26.7,146.2,70,967,"TY"
"589","17","2018080600",26.7,146.2,70,967,"TY"
"590","17","2018080600",26.7,146.2,70,967,"TY"
"591","17","2018080606",27.6,146,70,967,"TY"
"592","17","2018080606",27.6,146,70,967,"TY"
"593","17","2018080606",27.6,146,70,967,"TY"
"594","17","2018080612",28.6,145.5,65,970,"TY"
"595","17","2018080612",28.6,145.5,65,970,"TY"
"596","17","2018080612",28.6,145.5,65,970,"TY"
"597","17","2018080618",29.7,144.9,65,970,"TY"
"598","17","2018080618",29.7,144.9,65,970,"TY"
"599","17","2018080618",29.7,144.9,65,970,"TY"
"600","17","2018080700",30.5,144.2,75,961,"TY"
"601","17","2018080700",30.5,144.2,75,961,"TY"
"602","17","2018080700",30.5,144.2,75,961,"TY"
"603","17","2018080706",31.2,143.9,85,953,"TY"
"604","17","2018080706",31.2,143.9,85,953,"TY"
"605","17","2018080706",31.2,143.9,85,953,"TY"
"606","17","2018080712",32,143.1,80,956,"TY"
"607","17","2018080712",32,143.1,80,956,"TY"
"608","17","2018080712",32,143.1,80,956,"TY"
"609","17","2018080718",32.6,142.4,80,956,"TY"
"610","17","2018080718",32.6,142.4,80,956,"TY"
"611","17","2018080718",32.6,142.4,80,956,"TY"
"612","17","2018080800",33.4,141.9,80,957,"TY"
"613","17","2018080800",33.4,141.9,80,957,"TY"
"614","17","2018080800",33.4,141.9,80,957,"TY"
"615","17","2018080806",33.8,141.3,75,962,"TY"
"616","17","2018080806",33.8,141.3,75,962,"TY"
"617","17","2018080806",33.8,141.3,75,962,"TY"
"618","17","2018080812",34.5,141.3,70,967,"TY"
"619","17","2018080812",34.5,141.3,70,967,"TY"
"620","17","2018080812",34.5,141.3,70,967,"TY"
"621","17","2018080818",35.3,141,60,974,"TS"
"622","17","2018080818",35.3,141,60,974,"TS"
"623","17","2018080900",36.3,141.1,60,976,"TS"
"624","17","2018080900",36.3,141.1,60,976,"TS"
"625","17","2018080906",37.3,141.5,50,982,"TS"
"626","17","2018080906",37.3,141.5,50,982,"TS"
"627","17","2018080912",38,142.5,40,988,"TS"
"628","17","2018080918",39,144.6,35,990,"TS"
"629","17","2018081000",40,147.1,30,993,"TD"
"630","17","2018081006",41,151.2,30,990,"EX"
"631","18","2018080606",18.6,133.6,20,997,"DB"
"632","18","2018080612",18.7,133.4,25,998,"TD"
"633","18","2018080618",18.8,133.1,25,998,"TD"
"634","18","2018080700",18.8,132.9,25,995,"TD"
"635","18","2018080706",18.8,132.7,25,998,"TD"
"636","18","2018080712",18.9,132.5,30,995,"TD"
"637","18","2018080718",19.1,132.4,30,995,"TD"
"638","18","2018080800",19.3,132.6,35,996,"TS"
"639","18","2018080806",19.5,133.4,35,993,"TS"
"640","18","2018080812",19.9,134,35,995,"TS"
"641","18","2018080818",20.5,134.1,35,995,"TS"
"642","18","2018080900",20.9,133.7,35,994,"TS"
"643","18","2018080906",20.8,133.5,40,993,"TS"
"644","18","2018080912",21.3,133.5,40,991,"TS"
"645","18","2018080918",22.1,132.8,40,991,"TS"
"646","18","2018081000",22.8,132.2,35,996,"TS"
"647","18","2018081006",22.9,132.2,35,993,"TS"
"648","18","2018081012",23.3,131.9,35,992,"TS"
"649","18","2018081018",24.3,131,35,994,"TS"
"650","18","2018081100",25,129.5,35,994,"TS"
"651","18","2018081106",24.9,128.2,35,992,"TS"
"652","18","2018081112",24.9,126.9,40,989,"TS"
"653","18","2018081118",25.1,125.6,40,993,"TS"
"654","18","2018081200",25.6,124.8,40,986,"TS"
"655","18","2018081206",26.6,123.8,40,993,"TS"
"656","18","2018081212",27.8,122.3,45,983,"TS"
"657","18","2018081218",29.2,120.7,35,996,"TS"
"658","18","2018081300",30.5,119.3,30,993,"TD"
"659","18","2018081306",31.9,117.7,30,1000,"TD"
"660","18","2018081312",33,116.8,25,1004,"TD"
"661","18","2018081318",34.4,116.2,25,1004,"TD"
"662","18","2018081400",36,116.3,25,1004,"TD"
"663","18","2018081406",37,116.7,25,1004,"EX"
"664","18","2018081412",37.6,117.1,25,1004,"EX"
"665","19","2018081000",16.1,146.6,20,1007,"DB"
"666","19","2018081006",16.9,145.8,20,1007,"DB"
"667","19","2018081012",17.1,145.2,25,1005,"TD"
"668","19","2018081018",17.9,144.8,30,1004,"TD"
"669","19","2018081100",18.4,144.5,35,1002,"TS"
"670","19","2018081106",19.1,144.1,45,996,"TS"
"671","19","2018081112",19.9,143.6,50,992,"TS"
"672","19","2018081112",19.9,143.6,50,992,"TS"
"673","19","2018081118",20.6,143,50,992,"TS"
"674","19","2018081118",20.6,143,50,992,"TS"
"675","19","2018081200",21.5,142.6,55,989,"TS"
"676","19","2018081200",21.5,142.6,55,989,"TS"
"677","19","2018081206",22.8,142.2,60,986,"TS"
"678","19","2018081206",22.8,142.2,60,986,"TS"
"679","19","2018081212",23.7,141.5,65,983,"TY"
"680","19","2018081212",23.7,141.5,65,983,"TY"
"681","19","2018081212",23.7,141.5,65,983,"TY"
"682","19","2018081218",24.7,140.6,65,982,"TY"
"683","19","2018081218",24.7,140.6,65,982,"TY"
"684","19","2018081218",24.7,140.6,65,982,"TY"
"685","19","2018081300",25.7,139.5,60,986,"TS"
"686","19","2018081300",25.7,139.5,60,986,"TS"
"687","19","2018081306",26.5,138.6,55,989,"TS"
"688","19","2018081306",26.5,138.6,55,989,"TS"
"689","19","2018081312",27.3,137.6,55,988,"TS"
"690","19","2018081312",27.3,137.6,55,988,"TS"
"691","19","2018081318",28.3,137.1,50,990,"TS"
"692","19","2018081318",28.3,137.1,50,990,"TS"
"693","19","2018081400",29.4,136.1,50,990,"TS"
"694","19","2018081400",29.4,136.1,50,990,"TS"
"695","19","2018081406",30.6,134.7,45,993,"TS"
"696","19","2018081412",31.6,133.1,45,994,"TS"
"697","19","2018081418",32.6,131.4,40,996,"TS"
"698","19","2018081500",33.9,130,35,999,"TS"
"699","19","2018081506",34.9,129.4,30,1003,"TD"
"700","19","2018081512",35.9,129.5,30,1003,"PT"
"701","19","2018081518",36.6,129.9,25,1006,"PT"
"702","20","2018081000",20,111.2,20,1001,"LO"
"703","20","2018081006",20.1,111.5,20,1000,"LO"
"704","20","2018081012",20.2,111.8,20,997,"DB"
"705","20","2018081018",20.7,111.9,20,997,"DB"
"706","20","2018081100",21.4,112.1,20,997,"DB"
"707","20","2018081106",21.5,112.1,20,996,"DB"
"708","20","2018081112",21.6,111.8,25,995,"TD"
"709","20","2018081118",21.4,111.4,25,994,"TD"
"710","20","2018081200",21.1,111.9,25,994,"TD"
"711","20","2018081206",21,112.2,30,993,"TD"
"712","20","2018081212",20.6,112.4,35,991,"TS"
"713","20","2018081218",20.6,112.6,35,991,"TS"
"714","20","2018081300",20.6,112.9,40,989,"TS"
"715","20","2018081306",20.5,113.1,40,989,"TS"
"716","20","2018081312",20.5,113.3,40,989,"TS"
"717","20","2018081318",20.7,113.6,40,989,"TS"
"718","20","2018081400",20.8,113.7,40,988,"TS"
"719","20","2018081406",21,113.7,40,987,"TS"
"720","20","2018081412",21,113.4,40,987,"TS"
"721","20","2018081418",21,113,45,987,"TS"
"722","20","2018081500",20.7,112.1,45,990,"TS"
"723","20","2018081506",21,111.5,45,990,"TS"
"724","20","2018081512",20.9,110.7,45,990,"TS"
"725","20","2018081518",20.6,109.5,50,988,"TS"
"726","20","2018081518",20.6,109.5,50,988,"TS"
"727","20","2018081600",20.2,108.6,55,985,"TS"
"728","20","2018081600",20.2,108.6,55,985,"TS"
"729","20","2018081606",20,107.9,60,980,"TS"
"730","20","2018081606",20,107.9,60,980,"TS"
"731","20","2018081612",19.9,107.3,60,979,"TS"
"732","20","2018081612",19.9,107.3,60,979,"TS"
"733","20","2018081618",19.6,106.3,55,985,"TS"
"734","20","2018081618",19.6,106.3,55,985,"TS"
"735","20","2018081700",19.4,105.2,40,992,"TS"
"736","20","2018081706",19.4,103.5,30,997,"TD"
"737","20","2018081712",19.8,101.5,25,998,"TD"
"738","20","2018081718",19.9,99.6,20,999,"DB"
"739","21","2018081400",23.6,127.7,15,1007,"DB"
"740","21","2018081406",24.4,127.5,15,1007,"DB"
"741","21","2018081412",25.2,127.5,20,1007,"DB"
"742","21","2018081418",26.1,127.5,25,1004,"TD"
"743","21","2018081500",27.1,127.3,30,997,"TD"
"744","21","2018081506",27.9,126.9,30,993,"TD"
"745","21","2018081512",29,125.9,35,990,"TS"
"746","21","2018081518",29.7,125.2,35,989,"TS"
"747","21","2018081600",29.9,124.7,40,985,"TS"
"748","21","2018081606",30.1,124.1,40,984,"TS"
"749","21","2018081612",30.3,123,45,978,"TS"
"750","21","2018081618",30.7,121.8,50,978,"TS"
"751","21","2018081618",30.7,121.8,50,978,"TS"
"752","21","2018081700",31.3,120.5,45,981,"TS"
"753","21","2018081706",31.6,118.7,40,985,"TS"
"754","21","2018081712",31.6,117.2,35,987,"TS"
"755","21","2018081718",31.9,116.2,30,990,"TD"
"756","21","2018081800",32.3,115.7,25,995,"TD"
"757","21","2018081806",32.9,115.1,20,995,"DB"
"758","22","2018081500",11.4,145.1,15,1010,"LO"
"759","22","2018081506",11.9,144.8,15,1010,"LO"
"760","22","2018081512",12.7,144.4,25,1003,"TD"
"761","22","2018081518",13.7,143.9,30,1001,"TD"
"762","22","2018081600",15.2,143.3,35,998,"TS"
"763","22","2018081606",16.8,142.5,45,992,"TS"
"764","22","2018081612",18.5,141.9,55,988,"TS"
"765","22","2018081612",18.5,141.9,55,988,"TS"
"766","22","2018081618",20.2,141.4,60,984,"TS"
"767","22","2018081618",20.2,141.4,60,984,"TS"
"768","22","2018081700",22,140.8,65,979,"TY"
"769","22","2018081700",22,140.8,65,979,"TY"
"770","22","2018081700",22,140.8,65,979,"TY"
"771","22","2018081706",23.2,140.2,75,971,"TY"
"772","22","2018081706",23.2,140.2,75,971,"TY"
"773","22","2018081706",23.2,140.2,75,971,"TY"
"774","22","2018081712",23.7,139.9,80,967,"TY"
"775","22","2018081712",23.7,139.9,80,967,"TY"
"776","22","2018081712",23.7,139.9,80,967,"TY"
"777","22","2018081718",24.3,140,90,958,"TY"
"778","22","2018081718",24.3,140,90,958,"TY"
"779","22","2018081718",24.3,140,90,958,"TY"
"780","22","2018081800",24.6,140.1,95,952,"TY"
"781","22","2018081800",24.6,140.1,95,952,"TY"
"782","22","2018081800",24.6,140.1,95,952,"TY"
"783","22","2018081806",24.8,140.1,105,943,"TY"
"784","22","2018081806",24.8,140.1,105,943,"TY"
"785","22","2018081806",24.8,140.1,105,943,"TY"
"786","22","2018081812",24.9,139.9,95,950,"TY"
"787","22","2018081812",24.9,139.9,95,950,"TY"
"788","22","2018081812",24.9,139.9,95,950,"TY"
"789","22","2018081818",25,139.5,90,954,"TY"
"790","22","2018081818",25,139.5,90,954,"TY"
"791","22","2018081818",25,139.5,90,954,"TY"
"792","22","2018081900",25,139.1,90,955,"TY"
"793","22","2018081900",25,139.1,90,955,"TY"
"794","22","2018081900",25,139.1,90,955,"TY"
"795","22","2018081906",25,138.6,85,958,"TY"
"796","22","2018081906",25,138.6,85,958,"TY"
"797","22","2018081906",25,138.6,85,958,"TY"
"798","22","2018081912",25.2,138,80,962,"TY"
"799","22","2018081912",25.2,138,80,962,"TY"
"800","22","2018081912",25.2,138,80,962,"TY"
"801","22","2018081918",25.5,137.3,90,955,"TY"
"802","22","2018081918",25.5,137.3,90,955,"TY"
"803","22","2018081918",25.5,137.3,90,955,"TY"
"804","22","2018082000",25.8,136.4,95,951,"TY"
"805","22","2018082000",25.8,136.4,95,951,"TY"
"806","22","2018082000",25.8,136.4,95,951,"TY"
"807","22","2018082006",26.1,135.5,100,946,"TY"
"808","22","2018082006",26.1,135.5,100,946,"TY"
"809","22","2018082006",26.1,135.5,100,946,"TY"
"810","22","2018082012",26.5,134.4,100,946,"TY"
"811","22","2018082012",26.5,134.4,100,946,"TY"
"812","22","2018082012",26.5,134.4,100,946,"TY"
"813","22","2018082018",27,133.3,105,942,"TY"
"814","22","2018082018",27,133.3,105,942,"TY"
"815","22","2018082018",27,133.3,105,942,"TY"
"816","22","2018082100",27.7,132.2,100,945,"TY"
"817","22","2018082100",27.7,132.2,100,945,"TY"
"818","22","2018082100",27.7,132.2,100,945,"TY"
"819","22","2018082106",28.4,130.9,95,949,"TY"
"820","22","2018082106",28.4,130.9,95,949,"TY"
"821","22","2018082106",28.4,130.9,95,949,"TY"
"822","22","2018082112",29,129.8,90,952,"TY"
"823","22","2018082112",29,129.8,90,952,"TY"
"824","22","2018082112",29,129.8,90,952,"TY"
"825","22","2018082118",29.8,128.6,95,948,"TY"
"826","22","2018082118",29.8,128.6,95,948,"TY"
"827","22","2018082118",29.8,128.6,95,948,"TY"
"828","22","2018082200",30.4,127.7,90,952,"TY"
"829","22","2018082200",30.4,127.7,90,952,"TY"
"830","22","2018082200",30.4,127.7,90,952,"TY"
"831","22","2018082206",31,126.9,85,955,"TY"
"832","22","2018082206",31,126.9,85,955,"TY"
"833","22","2018082206",31,126.9,85,955,"TY"
"834","22","2018082212",31.8,126.2,80,960,"TY"
"835","22","2018082212",31.8,126.2,80,960,"TY"
"836","22","2018082212",31.8,126.2,80,960,"TY"
"837","22","2018082218",32.4,125.4,75,964,"TY"
"838","22","2018082218",32.4,125.4,75,964,"TY"
"839","22","2018082218",32.4,125.4,75,964,"TY"
"840","22","2018082300",32.9,125.3,65,968,"TY"
"841","22","2018082300",32.9,125.3,65,968,"TY"
"842","22","2018082300",32.9,125.3,65,968,"TY"
"843","22","2018082306",33.6,125.5,60,971,"TS"
"844","22","2018082306",33.6,125.5,60,971,"TS"
"845","22","2018082312",34.7,126.3,50,978,"TS"
"846","22","2018082312",34.7,126.3,50,978,"TS"
"847","22","2018082318",35.9,127.4,45,981,"TS"
"848","22","2018082400",37.2,128.8,45,981,"TS"
"849","22","2018082406",38.5,130.2,45,979,"TS"
"850","22","2018082412",40.1,131.7,45,978,"EX"
"851","22","2018082418",41.3,133.6,40,981,"EX"
"852","22","2018082500",42.1,135.5,35,985,"EX"
"853","22","2018082506",43.7,138.6,30,987,"EX"
"854","22","2018082512",43.9,139.2,30,987,"EX"
"855","23","2018081618",12.8,158.3,20,1006,"DB"
"856","23","2018081700",12.6,158.3,20,1006,"DB"
"857","23","2018081706",12.6,158.1,25,1005,"TD"
"858","23","2018081712",13,156.9,30,1003,"TD"
"859","23","2018081718",13.4,155.7,30,1003,"TD"
"860","23","2018081800",13.7,155,30,1003,"TD"
"861","23","2018081806",14,154.5,35,1001,"TS"
"862","23","2018081812",14.4,153.7,35,1001,"TS"
"863","23","2018081818",14.8,152.9,45,996,"TS"
"864","23","2018081900",15.1,152.1,45,996,"TS"
"865","23","2018081906",15.6,151.2,45,994,"TS"
"866","23","2018081912",15.8,150.6,55,989,"TS"
"867","23","2018081912",15.8,150.6,55,989,"TS"
"868","23","2018081918",16.4,150,60,984,"TS"
"869","23","2018081918",16.4,150,60,984,"TS"
"870","23","2018082000",17,148.9,60,984,"TS"
"871","23","2018082000",17,148.9,60,984,"TS"
"872","23","2018082006",17.8,147.9,65,979,"TY"
"873","23","2018082006",17.8,147.9,65,979,"TY"
"874","23","2018082006",17.8,147.9,65,979,"TY"
"875","23","2018082012",18.5,147.3,70,976,"TY"
"876","23","2018082012",18.5,147.3,70,976,"TY"
"877","23","2018082012",18.5,147.3,70,976,"TY"
"878","23","2018082018",19.4,146.2,65,978,"TY"
"879","23","2018082018",19.4,146.2,65,978,"TY"
"880","23","2018082018",19.4,146.2,65,978,"TY"
"881","23","2018082100",20.2,145.1,75,972,"TY"
"882","23","2018082100",20.2,145.1,75,972,"TY"
"883","23","2018082100",20.2,145.1,75,972,"TY"
"884","23","2018082106",21.2,144,85,964,"TY"
"885","23","2018082106",21.2,144,85,964,"TY"
"886","23","2018082106",21.2,144,85,964,"TY"
"887","23","2018082112",21.9,142.8,90,959,"TY"
"888","23","2018082112",21.9,142.8,90,959,"TY"
"889","23","2018082112",21.9,142.8,90,959,"TY"
"890","23","2018082118",23.2,141.2,100,950,"TY"
"891","23","2018082118",23.2,141.2,100,950,"TY"
"892","23","2018082118",23.2,141.2,100,950,"TY"
"893","23","2018082200",24.2,139.9,115,936,"TY"
"894","23","2018082200",24.2,139.9,115,936,"TY"
"895","23","2018082200",24.2,139.9,115,936,"TY"
"896","23","2018082206",25.5,138.7,110,940,"TY"
"897","23","2018082206",25.5,138.7,110,940,"TY"
"898","23","2018082206",25.5,138.7,110,940,"TY"
"899","23","2018082212",26.9,137.2,100,948,"TY"
"900","23","2018082212",26.9,137.2,100,948,"TY"
"901","23","2018082212",26.9,137.2,100,948,"TY"
"902","23","2018082218",28.4,135.9,90,955,"TY"
"903","23","2018082218",28.4,135.9,90,955,"TY"
"904","23","2018082218",28.4,135.9,90,955,"TY"
"905","23","2018082300",30.1,135,80,960,"TY"
"906","23","2018082300",30.1,135,80,960,"TY"
"907","23","2018082300",30.1,135,80,960,"TY"
"908","23","2018082306",31.9,134.4,75,962,"TY"
"909","23","2018082306",31.9,134.4,75,962,"TY"
"910","23","2018082306",31.9,134.4,75,962,"TY"
"911","23","2018082312",33.9,134.6,70,963,"TY"
"912","23","2018082312",33.9,134.6,70,963,"TY"
"913","23","2018082312",33.9,134.6,70,963,"TY"
"914","23","2018082318",36.5,135.1,55,971,"TS"
"915","23","2018082318",36.5,135.1,55,971,"TS"
"916","23","2018082400",39,135.9,45,984,"TS"
"917","23","2018082406",40.7,137.9,40,982,"TS"
"918","23","2018082412",41.3,139.9,35,984,"EX"
"919","24","2018082200",22.1,118.7,20,1001,"DB"
"920","24","2018082206",22.1,118.9,20,1001,"DB"
"921","24","2018082212",22.1,119.4,20,1000,"DB"
"922","24","2018082218",22.3,120,25,1000,"TD"
"923","24","2018082300",22.8,120.5,30,997,"TD"
"924","24","2018082306",23.4,120.5,30,997,"TD"
"925","24","2018082312",23.9,120.4,25,997,"TD"
"926","24","2018082318",24.2,120.1,25,998,"TD"
"927","24","2018082400",24.4,120.1,25,998,"TD"
"928","24","2018082406",24.6,120.2,25,998,"TD"
"929","24","2018082412",24.7,120.1,25,998,"TD"
"930","24","2018082418",24.9,119.9,25,998,"TD"
"931","24","2018082500",25,119.3,25,998,"TD"
"932","24","2018082506",25,118,20,999,"DB"
"933","24","2018082512",25,116.8,15,1000,"DB"
"934","25","2018082700",13.1,159.3,20,1005,"DB"
"935","25","2018082706",13.5,159.1,25,1004,"TD"
"936","25","2018082712",14.1,158.6,30,1002,"TD"
"937","25","2018082718",14.7,157.9,30,1003,"TD"
"938","25","2018082800",15.2,157.1,35,1001,"TS"
"939","25","2018082806",15.9,156.2,45,989,"TS"
"940","25","2018082812",16.4,155.3,50,985,"TS"
"941","25","2018082812",16.4,155.3,50,985,"TS"
"942","25","2018082818",16.7,154.3,55,982,"TS"
"943","25","2018082818",16.7,154.3,55,982,"TS"
"944","25","2018082900",16.9,153.4,60,978,"TS"
"945","25","2018082900",16.9,153.4,60,978,"TS"
"946","25","2018082906",17.1,152.4,70,970,"TY"
"947","25","2018082906",17.1,152.4,70,970,"TY"
"948","25","2018082906",17.1,152.4,70,970,"TY"
"949","25","2018082912",17.3,151.3,80,963,"TY"
"950","25","2018082912",17.3,151.3,80,963,"TY"
"951","25","2018082912",17.3,151.3,80,963,"TY"
"952","25","2018082918",17.4,150.3,90,969,"TY"
"953","25","2018082918",17.4,150.3,90,969,"TY"
"954","25","2018082918",17.4,150.3,90,969,"TY"
"955","25","2018083000",17.6,149.2,100,948,"TY"
"956","25","2018083000",17.6,149.2,100,948,"TY"
"957","25","2018083000",17.6,149.2,100,948,"TY"
"958","25","2018083006",17.7,148.1,110,941,"TY"
"959","25","2018083006",17.7,148.1,110,941,"TY"
"960","25","2018083006",17.7,148.1,110,941,"TY"
"961","25","2018083012",17.8,146.8,125,929,"TY"
"962","25","2018083012",17.8,146.8,125,929,"TY"
"963","25","2018083012",17.8,146.8,125,929,"TY"
"964","25","2018083018",17.8,145.4,140,921,"ST"
"965","25","2018083018",17.8,145.4,140,921,"ST"
"966","25","2018083018",17.8,145.4,140,921,"ST"
"967","25","2018083100",17.9,144.1,150,911,"ST"
"968","25","2018083100",17.9,144.1,150,911,"ST"
"969","25","2018083100",17.9,144.1,150,911,"ST"
"970","25","2018083106",18.2,142.7,155,907,"ST"
"971","25","2018083106",18.2,142.7,155,907,"ST"
"972","25","2018083106",18.2,142.7,155,907,"ST"
"973","25","2018083112",18.5,141.5,150,911,"ST"
"974","25","2018083112",18.5,141.5,150,911,"ST"
"975","25","2018083112",18.5,141.5,150,911,"ST"
"976","25","2018083118",19,140.3,145,914,"ST"
"977","25","2018083118",19,140.3,145,914,"ST"
"978","25","2018083118",19,140.3,145,914,"ST"
"979","25","2018090100",19.6,139.2,140,915,"ST"
"980","25","2018090100",19.6,139.2,140,915,"ST"
"981","25","2018090100",19.6,139.2,140,915,"ST"
"982","25","2018090106",20.4,138.2,140,918,"ST"
"983","25","2018090106",20.4,138.2,140,918,"ST"
"984","25","2018090106",20.4,138.2,140,918,"ST"
"985","25","2018090112",21,137.4,135,922,"ST"
"986","25","2018090112",21,137.4,135,922,"ST"
"987","25","2018090112",21,137.4,135,922,"ST"
"988","25","2018090118",21.7,136.5,125,929,"TY"
"989","25","2018090118",21.7,136.5,125,929,"TY"
"990","25","2018090118",21.7,136.5,125,929,"TY"
"991","25","2018090200",22.7,135.7,120,933,"TY"
"992","25","2018090200",22.7,135.7,120,933,"TY"
"993","25","2018090200",22.7,135.7,120,933,"TY"
"994","25","2018090206",23.7,134.9,125,929,"TY"
"995","25","2018090206",23.7,134.9,125,929,"TY"
"996","25","2018090206",23.7,134.9,125,929,"TY"
"997","25","2018090212",24.5,134.4,120,931,"TY"
"998","25","2018090212",24.5,134.4,120,931,"TY"
"999","25","2018090212",24.5,134.4,120,931,"TY"
"1000","25","2018090218",25.5,133.8,115,936,"TY"
"1001","25","2018090218",25.5,133.8,115,936,"TY"
"1002","25","2018090218",25.5,133.8,115,936,"TY"
"1003","25","2018090300",26.5,133.1,110,939,"TY"
"1004","25","2018090300",26.5,133.1,110,939,"TY"
"1005","25","2018090300",26.5,133.1,110,939,"TY"
"1006","25","2018090306",27.4,132.6,105,943,"TY"
"1007","25","2018090306",27.4,132.6,105,943,"TY"
"1008","25","2018090306",27.4,132.6,105,943,"TY"
"1009","25","2018090312",28.8,132.5,105,943,"TY"
"1010","25","2018090312",28.8,132.5,105,943,"TY"
"1011","25","2018090312",28.8,132.5,105,943,"TY"
"1012","25","2018090318",30.3,132.8,100,942,"TY"
"1013","25","2018090318",30.3,132.8,100,942,"TY"
"1014","25","2018090318",30.3,132.8,100,942,"TY"
"1015","25","2018090400",32.4,133.8,100,942,"TY"
"1016","25","2018090400",32.4,133.8,100,942,"TY"
"1017","25","2018090400",32.4,133.8,100,942,"TY"
"1018","25","2018090406",35.3,135.7,80,963,"TY"
"1019","25","2018090406",35.3,135.7,80,963,"TY"
"1020","25","2018090406",35.3,135.7,80,963,"TY"
"1021","25","2018090412",39.2,137.6,60,978,"EX"
"1022","25","2018090412",39.2,137.6,60,978,"EX"
"1023","25","2018090418",43.2,139.5,50,985,"EX"
"1024","25","2018090418",43.2,139.5,50,985,"EX"
"1025","26","2018090618",12,169.3,20,1007,"DB"
"1026","26","2018090700",12.2,168,20,1007,"DB"
"1027","26","2018090706",12.4,166.6,25,1004,"TD"
"1028","26","2018090712",12.8,165.3,30,1000,"TD"
"1029","26","2018090718",13.3,163.6,35,1005,"TS"
"1030","26","2018090800",13.6,162.4,40,1002,"TS"
"1031","26","2018090806",14.2,160.8,45,999,"TS"
"1032","26","2018090812",14.7,158.9,50,998,"TS"
"1033","26","2018090812",14.7,158.9,50,998,"TS"
"1034","26","2018090818",15,156.8,55,995,"TS"
"1035","26","2018090818",15,156.8,55,995,"TS"
"1036","26","2018090900",15.2,154.8,65,989,"TY"
"1037","26","2018090900",15.2,154.8,65,989,"TY"
"1038","26","2018090900",15.2,154.8,65,989,"TY"
"1039","26","2018090906",15.3,153.2,70,985,"TY"
"1040","26","2018090906",15.3,153.2,70,985,"TY"
"1041","26","2018090906",15.3,153.2,70,985,"TY"
"1042","26","2018090912",15.2,151.1,70,985,"TY"
"1043","26","2018090912",15.2,151.1,70,985,"TY"
"1044","26","2018090912",15.2,151.1,70,985,"TY"
"1045","26","2018090918",14.8,149.1,75,983,"TY"
"1046","26","2018090918",14.8,149.1,75,983,"TY"
"1047","26","2018090918",14.8,149.1,75,983,"TY"
"1048","26","2018091000",14.5,147.4,85,976,"TY"
"1049","26","2018091000",14.5,147.4,85,976,"TY"
"1050","26","2018091000",14.5,147.4,85,976,"TY"
"1051","26","2018091006",14.3,145.6,90,962,"TY"
"1052","26","2018091006",14.3,145.6,90,962,"TY"
"1053","26","2018091006",14.3,145.6,90,962,"TY"
"1054","26","2018091012",14.1,144.2,100,958,"TY"
"1055","26","2018091012",14.1,144.2,100,958,"TY"
"1056","26","2018091012",14.1,144.2,100,958,"TY"
"1057","26","2018091018",13.9,142.7,110,950,"TY"
"1058","26","2018091018",13.9,142.7,110,950,"TY"
"1059","26","2018091018",13.9,142.7,110,950,"TY"
"1060","26","2018091100",13.9,141.2,125,935,"TY"
"1061","26","2018091100",13.9,141.2,125,935,"TY"
"1062","26","2018091100",13.9,141.2,125,935,"TY"
"1063","26","2018091106",13.9,139.8,140,919,"ST"
"1064","26","2018091106",13.9,139.8,140,919,"ST"
"1065","26","2018091106",13.9,139.8,140,919,"ST"
"1066","26","2018091112",13.8,138.7,140,917,"ST"
"1067","26","2018091112",13.8,138.7,140,917,"ST"
"1068","26","2018091112",13.8,138.7,140,917,"ST"
"1069","26","2018091118",13.9,137.3,140,916,"ST"
"1070","26","2018091118",13.9,137.3,140,916,"ST"
"1071","26","2018091118",13.9,137.3,140,916,"ST"
"1072","26","2018091200",13.9,136.2,145,910,"ST"
"1073","26","2018091200",13.9,136.2,145,910,"ST"
"1074","26","2018091200",13.9,136.2,145,910,"ST"
"1075","26","2018091206",14,135.2,155,896,"ST"
"1076","26","2018091206",14,135.2,155,896,"ST"
"1077","26","2018091206",14,135.2,155,896,"ST"
"1078","26","2018091212",14.2,133.9,155,896,"ST"
"1079","26","2018091212",14.2,133.9,155,896,"ST"
"1080","26","2018091212",14.2,133.9,155,896,"ST"
"1081","26","2018091218",14.3,132.5,155,896,"ST"
"1082","26","2018091218",14.3,132.5,155,896,"ST"
"1083","26","2018091218",14.3,132.5,155,896,"ST"
"1084","26","2018091300",14.5,131.3,150,902,"ST"
"1085","26","2018091300",14.5,131.3,150,902,"ST"
"1086","26","2018091300",14.5,131.3,150,902,"ST"
"1087","26","2018091306",14.7,130.1,145,906,"ST"
"1088","26","2018091306",14.7,130.1,145,906,"ST"
"1089","26","2018091306",14.7,130.1,145,906,"ST"
"1090","26","2018091312",14.9,129,145,906,"ST"
"1091","26","2018091312",14.9,129,145,906,"ST"
"1092","26","2018091312",14.9,129,145,906,"ST"
"1093","26","2018091318",15.3,127.9,155,897,"ST"
"1094","26","2018091318",15.3,127.9,155,897,"ST"
"1095","26","2018091318",15.3,127.9,155,897,"ST"
"1096","26","2018091400",15.9,126.9,150,900,"ST"
"1097","26","2018091400",15.9,126.9,150,900,"ST"
"1098","26","2018091400",15.9,126.9,150,900,"ST"
"1099","26","2018091406",16.8,125.6,145,904,"ST"
"1100","26","2018091406",16.8,125.6,145,904,"ST"
"1101","26","2018091406",16.8,125.6,145,904,"ST"
"1102","26","2018091412",17.4,124.1,140,911,"ST"
"1103","26","2018091412",17.4,124.1,140,911,"ST"
"1104","26","2018091412",17.4,124.1,140,911,"ST"
"1105","26","2018091418",17.9,122.3,140,911,"ST"
"1106","26","2018091418",17.9,122.3,140,911,"ST"
"1107","26","2018091418",17.9,122.3,140,911,"ST"
"1108","26","2018091500",18.2,120.9,115,937,"TY"
"1109","26","2018091500",18.2,120.9,115,937,"TY"
"1110","26","2018091500",18.2,120.9,115,937,"TY"
"1111","26","2018091506",18.6,119.6,105,946,"TY"
"1112","26","2018091506",18.6,119.6,105,946,"TY"
"1113","26","2018091506",18.6,119.6,105,946,"TY"
"1114","26","2018091512",19.2,118.2,95,952,"TY"
"1115","26","2018091512",19.2,118.2,95,952,"TY"
"1116","26","2018091512",19.2,118.2,95,952,"TY"
"1117","26","2018091518",19.8,116.9,85,959,"TY"
"1118","26","2018091518",19.8,116.9,85,959,"TY"
"1119","26","2018091518",19.8,116.9,85,959,"TY"
"1120","26","2018091600",20.8,115.3,80,961,"TY"
"1121","26","2018091600",20.8,115.3,80,961,"TY"
"1122","26","2018091600",20.8,115.3,80,961,"TY"
"1123","26","2018091606",21.4,113.6,80,962,"TY"
"1124","26","2018091606",21.4,113.6,80,962,"TY"
"1125","26","2018091606",21.4,113.6,80,962,"TY"
"1126","26","2018091612",22.1,111.4,75,965,"TY"
"1127","26","2018091612",22.1,111.4,75,965,"TY"
"1128","26","2018091612",22.1,111.4,75,965,"TY"
"1129","26","2018091618",22.4,109.9,60,978,"TS"
"1130","26","2018091618",22.4,109.9,60,978,"TS"
"1131","26","2018091700",23,108.5,40,989,"TS"
"1132","26","2018091706",23.4,106.9,30,992,"TD"
"1133","26","2018091712",23.7,105.3,20,1000,"DB"
"1134","27","2018090812",20.5,122.1,15,1008,"LO"
"1135","27","2018090818",20.9,122.3,20,1006,"LO"
"1136","27","2018090900",21,122.7,20,1006,"LO"
"1137","27","2018090906",21.4,123,20,1006,"DB"
"1138","27","2018090912",22,123.1,25,1004,"TD"
"1139","27","2018090918",21.9,122.4,25,1004,"TD"
"1140","27","2018091000",21.7,121.9,30,1002,"TD"
"1141","27","2018091006",21.5,121.4,35,1000,"TS"
"1142","27","2018091012",21.4,120.7,40,998,"TS"
"1143","27","2018091018",20.9,119.7,40,998,"TS"
"1144","27","2018091100",20.8,119,40,998,"TS"
"1145","27","2018091106",20.8,118.2,45,996,"TS"
"1146","27","2018091112",20.7,117.4,45,996,"TS"
"1147","27","2018091118",20.7,116.4,45,996,"TS"
"1148","27","2018091200",20.8,115.4,40,999,"TS"
"1149","27","2018091206",20.9,114.5,40,999,"TS"
"1150","27","2018091212",20.8,113.3,40,999,"TS"
"1151","27","2018091218",20.8,112.2,45,997,"TS"
"1152","27","2018091300",21.2,110.7,35,1003,"TS"
"1153","27","2018091306",21.3,109.7,25,1007,"TD"
"1154","27","2018091312",21.2,108.3,20,1008,"DB"
"1155","27","2018091318",21.8,106.7,15,1009,"DB"
"1156","28","2018092006",12.9,146.2,20,1002,"DB"
"1157","28","2018092012",13.3,145.6,20,1002,"DB"
"1158","28","2018092018",13.8,145.1,25,1003,"TD"
"1159","28","2018092100",14.4,144.3,30,1003,"TD"
"1160","28","2018092106",14.9,143.4,35,1001,"TS"
"1161","28","2018092112",15.4,142.4,40,1000,"TS"
"1162","28","2018092118",15.8,141.4,45,996,"TS"
"1163","28","2018092200",16.2,140.3,50,994,"TS"
"1164","28","2018092200",16.2,140.3,50,994,"TS"
"1165","28","2018092206",16.7,138.9,55,992,"TS"
"1166","28","2018092206",16.7,138.9,55,992,"TS"
"1167","28","2018092212",16.8,137.5,60,989,"TS"
"1168","28","2018092212",16.8,137.5,60,989,"TS"
"1169","28","2018092218",16.8,136.3,70,982,"TY"
"1170","28","2018092218",16.8,136.3,70,982,"TY"
"1171","28","2018092218",16.8,136.3,70,982,"TY"
"1172","28","2018092300",16.9,135.1,80,975,"TY"
"1173","28","2018092300",16.9,135.1,80,975,"TY"
"1174","28","2018092300",16.9,135.1,80,975,"TY"
"1175","28","2018092306",17.3,134.2,100,958,"TY"
"1176","28","2018092306",17.3,134.2,100,958,"TY"
"1177","28","2018092306",17.3,134.2,100,958,"TY"
"1178","28","2018092312",17.5,133.3,115,944,"TY"
"1179","28","2018092312",17.5,133.3,115,944,"TY"
"1180","28","2018092312",17.5,133.3,115,944,"TY"
"1181","28","2018092318",18,132.2,120,938,"TY"
"1182","28","2018092318",18,132.2,120,938,"TY"
"1183","28","2018092318",18,132.2,120,938,"TY"
"1184","28","2018092400",18.5,131.2,125,933,"TY"
"1185","28","2018092400",18.5,131.2,125,933,"TY"
"1186","28","2018092400",18.5,131.2,125,933,"TY"
"1187","28","2018092406",18.9,130.5,130,927,"ST"
"1188","28","2018092406",18.9,130.5,130,927,"ST"
"1189","28","2018092406",18.9,130.5,130,927,"ST"
"1190","28","2018092412",19.3,129.7,135,920,"ST"
"1191","28","2018092412",19.3,129.7,135,920,"ST"
"1192","28","2018092412",19.3,129.7,135,920,"ST"
"1193","28","2018092418",19.5,129,140,914,"ST"
"1194","28","2018092418",19.5,129,140,914,"ST"
"1195","28","2018092418",19.5,129,140,914,"ST"
"1196","28","2018092500",19.6,128.8,135,919,"ST"
"1197","28","2018092500",19.6,128.8,135,919,"ST"
"1198","28","2018092500",19.6,128.8,135,919,"ST"
"1199","28","2018092506",19.8,128.9,130,921,"ST"
"1200","28","2018092506",19.8,128.9,130,921,"ST"
"1201","28","2018092506",19.8,128.9,130,921,"ST"
"1202","28","2018092512",20,128.9,120,930,"TY"
"1203","28","2018092512",20,128.9,120,930,"TY"
"1204","28","2018092512",20,128.9,120,930,"TY"
"1205","28","2018092518",20.3,128.9,110,943,"TY"
"1206","28","2018092518",20.3,128.9,110,943,"TY"
"1207","28","2018092518",20.3,128.9,110,943,"TY"
"1208","28","2018092600",20.6,129,110,942,"TY"
"1209","28","2018092600",20.6,129,110,942,"TY"
"1210","28","2018092600",20.6,129,110,942,"TY"
"1211","28","2018092606",21,129.2,95,952,"TY"
"1212","28","2018092606",21,129.2,95,952,"TY"
"1213","28","2018092606",21,129.2,95,952,"TY"
"1214","28","2018092612",21.2,129.2,90,954,"TY"
"1215","28","2018092612",21.2,129.2,90,954,"TY"
"1216","28","2018092612",21.2,129.2,90,954,"TY"
"1217","28","2018092618",21.4,129.2,90,953,"TY"
"1218","28","2018092618",21.4,129.2,90,953,"TY"
"1219","28","2018092618",21.4,129.2,90,953,"TY"
"1220","28","2018092700",21.5,129.2,90,955,"TY"
"1221","28","2018092700",21.5,129.2,90,955,"TY"
"1222","28","2018092700",21.5,129.2,90,955,"TY"
"1223","28","2018092706",21.7,129.1,90,952,"TY"
"1224","28","2018092706",21.7,129.1,90,952,"TY"
"1225","28","2018092706",21.7,129.1,90,952,"TY"
"1226","28","2018092712",22,128.8,90,951,"TY"
"1227","28","2018092712",22,128.8,90,951,"TY"
"1228","28","2018092712",22,128.8,90,951,"TY"
"1229","28","2018092718",22.3,128.4,90,953,"TY"
"1230","28","2018092718",22.3,128.4,90,953,"TY"
"1231","28","2018092718",22.3,128.4,90,953,"TY"
"1232","28","2018092800",22.6,127.9,95,951,"TY"
"1233","28","2018092800",22.6,127.9,95,951,"TY"
"1234","28","2018092800",22.6,127.9,95,951,"TY"
"1235","28","2018092806",23.1,127.4,95,949,"TY"
"1236","28","2018092806",23.1,127.4,95,949,"TY"
"1237","28","2018092806",23.1,127.4,95,949,"TY"
"1238","28","2018092812",23.8,127,95,949,"TY"
"1239","28","2018092812",23.8,127,95,949,"TY"
"1240","28","2018092812",23.8,127,95,949,"TY"
"1241","28","2018092818",24.7,126.7,95,951,"TY"
"1242","28","2018092818",24.7,126.7,95,951,"TY"
"1243","28","2018092818",24.7,126.7,95,951,"TY"
"1244","28","2018092900",25.5,126.7,90,954,"TY"
"1245","28","2018092900",25.5,126.7,90,954,"TY"
"1246","28","2018092900",25.5,126.7,90,954,"TY"
"1247","28","2018092906",26.5,127.4,90,952,"TY"
"1248","28","2018092906",26.5,127.4,90,952,"TY"
"1249","28","2018092906",26.5,127.4,90,952,"TY"
"1250","28","2018092912",27.9,128.3,90,953,"TY"
"1251","28","2018092912",27.9,128.3,90,953,"TY"
"1252","28","2018092912",27.9,128.3,90,953,"TY"
"1253","28","2018092918",29.2,129.5,85,957,"TY"
"1254","28","2018092918",29.2,129.5,85,957,"TY"
"1255","28","2018092918",29.2,129.5,85,957,"TY"
"1256","28","2018093000",30.6,131.1,80,959,"TY"
"1257","28","2018093000",30.6,131.1,80,959,"TY"
"1258","28","2018093000",30.6,131.1,80,959,"TY"
"1259","28","2018093006",32.1,133.2,75,960,"TY"
"1260","28","2018093006",32.1,133.2,75,960,"TY"
"1261","28","2018093006",32.1,133.2,75,960,"TY"
"1262","28","2018093012",34.2,136,70,959,"EX"
"1263","28","2018093012",34.2,136,70,959,"EX"
"1264","28","2018093012",34.2,136,70,959,"EX"
"1265","28","2018093018",37.8,140.6,60,964,"EX"
"1266","28","2018093018",37.8,140.6,60,964,"EX"
"1267","28","2018100100",41.4,144.2,55,967,"EX"
"1268","28","2018100100",41.4,144.2,55,967,"EX"
"1269","29","2018092506",23.8,155,20,1006,"DB"
"1270","29","2018092512",25.3,153.6,20,1006,"DB"
"1271","29","2018092518",26.3,152.4,20,1006,"DB"
"1272","29","2018092600",27.5,151.7,25,1005,"TD"
"1273","29","2018092606",28.7,151.2,25,1004,"TD"
"1274","29","2018092612",30.2,151.2,30,1002,"TD"
"1275","29","2018092618",31.9,151.4,30,1001,"TD"
"1276","29","2018092700",32.9,152,25,1004,"TD"
"1277","29","2018092706",34.6,152.7,25,1004,"TD"
"1278","29","2018092712",36.3,153.9,25,1004,"EX"
"1279","29","2018092718",37.8,155.9,25,1004,"EX"
"1280","30","2018092712",6.3,153.5,25,1004,"LO"
"1281","30","2018092718",7.2,152.3,25,1004,"LO"
"1282","30","2018092800",7.4,151.1,25,1004,"TD"
"1283","30","2018092806",8.8,149.6,30,1003,"TD"
"1284","30","2018092812",9.7,148,35,1003,"TS"
"1285","30","2018092818",11.2,146.5,35,1003,"TS"
"1286","30","2018092821",11.9,145.5,40,1003,"TS"
"1287","30","2018092900",12.2,144.2,40,1001,"TS"
"1288","30","2018092906",12.5,142.2,45,999,"TS"
"1289","30","2018092912",12.7,140.7,50,997,"TS"
"1290","30","2018092912",12.7,140.7,50,997,"TS"
"1291","30","2018092918",13.3,139.6,65,989,"TY"
"1292","30","2018092918",13.3,139.6,65,989,"TY"
"1293","30","2018092918",13.3,139.6,65,989,"TY"
"1294","30","2018093000",13.8,138.8,80,976,"TY"
"1295","30","2018093000",13.8,138.8,80,976,"TY"
"1296","30","2018093000",13.8,138.8,80,976,"TY"
"1297","30","2018093006",14.5,137.9,80,974,"TY"
"1298","30","2018093006",14.5,137.9,80,974,"TY"
"1299","30","2018093006",14.5,137.9,80,974,"TY"
"1300","30","2018093012",15,137.2,85,972,"TY"
"1301","30","2018093012",15,137.2,85,972,"TY"
"1302","30","2018093012",15,137.2,85,972,"TY"
"1303","30","2018093018",15.3,136.5,90,968,"TY"
"1304","30","2018093018",15.3,136.5,90,968,"TY"
"1305","30","2018093018",15.3,136.5,90,968,"TY"
"1306","30","2018100100",15.6,135.9,100,958,"TY"
"1307","30","2018100100",15.6,135.9,100,958,"TY"
"1308","30","2018100100",15.6,135.9,100,958,"TY"
"1309","30","2018100106",16.1,135.2,115,943,"TY"
"1310","30","2018100106",16.1,135.2,115,943,"TY"
"1311","30","2018100106",16.1,135.2,115,943,"TY"
"1312","30","2018100112",16.8,134.4,135,923,"ST"
"1313","30","2018100112",16.8,134.4,135,923,"ST"
"1314","30","2018100112",16.8,134.4,135,923,"ST"
"1315","30","2018100118",17.3,133.6,150,906,"ST"
"1316","30","2018100118",17.3,133.6,150,906,"ST"
"1317","30","2018100118",17.3,133.6,150,906,"ST"
"1318","30","2018100200",17.6,132.7,145,911,"ST"
"1319","30","2018100200",17.6,132.7,145,911,"ST"
"1320","30","2018100200",17.6,132.7,145,911,"ST"
"1321","30","2018100206",18.2,132,140,916,"ST"
"1322","30","2018100206",18.2,132,140,916,"ST"
"1323","30","2018100206",18.2,132,140,916,"ST"
"1324","30","2018100212",18.9,131.2,130,928,"ST"
"1325","30","2018100212",18.9,131.2,130,928,"ST"
"1326","30","2018100212",18.9,131.2,130,928,"ST"
"1327","30","2018100218",19.6,130.3,120,937,"TY"
"1328","30","2018100218",19.6,130.3,120,937,"TY"
"1329","30","2018100218",19.6,130.3,120,937,"TY"
"1330","30","2018100300",20.1,129.7,105,951,"TY"
"1331","30","2018100300",20.1,129.7,105,951,"TY"
"1332","30","2018100300",20.1,129.7,105,951,"TY"
"1333","30","2018100306",20.8,129.2,95,958,"TY"
"1334","30","2018100306",20.8,129.2,95,958,"TY"
"1335","30","2018100306",20.8,129.2,95,958,"TY"
"1336","30","2018100312",21.6,128.7,85,964,"TY"
"1337","30","2018100312",21.6,128.7,85,964,"TY"
"1338","30","2018100312",21.6,128.7,85,964,"TY"
"1339","30","2018100318",22.4,128.1,75,970,"TY"
"1340","30","2018100318",22.4,128.1,75,970,"TY"
"1341","30","2018100318",22.4,128.1,75,970,"TY"
"1342","30","2018100400",23.2,127.6,70,977,"TY"
"1343","30","2018100400",23.2,127.6,70,977,"TY"
"1344","30","2018100400",23.2,127.6,70,977,"TY"
"1345","30","2018100406",24.4,127.1,65,973,"TY"
"1346","30","2018100406",24.4,127.1,65,973,"TY"
"1347","30","2018100406",24.4,127.1,65,973,"TY"
"1348","30","2018100412",25.5,126.6,65,974,"TY"
"1349","30","2018100412",25.5,126.6,65,974,"TY"
"1350","30","2018100412",25.5,126.6,65,974,"TY"
"1351","30","2018100418",26.8,126.1,65,976,"TY"
"1352","30","2018100418",26.8,126.1,65,976,"TY"
"1353","30","2018100418",26.8,126.1,65,976,"TY"
"1354","30","2018100500",27.9,125.7,60,978,"TS"
"1355","30","2018100500",27.9,125.7,60,978,"TS"
"1356","30","2018100506",29.4,125.8,60,979,"TS"
"1357","30","2018100506",29.4,125.8,60,979,"TS"
"1358","30","2018100512",31.4,125.8,65,975,"TY"
"1359","30","2018100512",31.4,125.8,65,975,"TY"
"1360","30","2018100512",31.4,125.8,65,975,"TY"
"1361","30","2018100518",32.8,126.7,65,976,"TY"
"1362","30","2018100518",32.8,126.7,65,976,"TY"
"1363","30","2018100518",32.8,126.7,65,976,"TY"
"1364","30","2018100600",35,128.6,60,979,"TS"
"1365","30","2018100600",35,128.6,60,979,"TS"
"1366","30","2018100606",37.1,130.4,55,983,"TS"
"1367","30","2018100606",37.1,130.4,55,983,"TS"
"1368","30","2018100612",38.7,133.4,50,984,"EX"
"1369","30","2018100612",38.7,133.4,50,984,"EX"
"1370","30","2018100618",40.7,136.9,45,986,"EX"
"1371","30","2018100700",42,140.4,45,987,"EX"
"1372","31","2018102018",8.1,160.9,20,1008,"DB"
"1373","31","2018102100",8.2,159.7,20,1007,"DB"
"1374","31","2018102106",8.3,158.4,20,1005,"DB"
"1375","31","2018102112",8.4,157.6,25,1006,"TD"
"1376","31","2018102118",8.7,156.7,30,1004,"TD"
"1377","31","2018102200",9.3,155.6,35,1001,"TS"
"1378","31","2018102206",9.9,154.8,40,997,"TS"
"1379","31","2018102212",10.4,153.8,50,995,"TS"
"1380","31","2018102212",10.4,153.8,50,995,"TS"
"1381","31","2018102218",10.9,152.8,60,987,"TS"
"1382","31","2018102218",10.9,152.8,60,987,"TS"
"1383","31","2018102300",11.4,151.6,65,984,"TY"
"1384","31","2018102300",11.4,151.6,65,984,"TY"
"1385","31","2018102300",11.4,151.6,65,984,"TY"
"1386","31","2018102306",11.8,150.5,75,976,"TY"
"1387","31","2018102306",11.8,150.5,75,976,"TY"
"1388","31","2018102306",11.8,150.5,75,976,"TY"
"1389","31","2018102312",12,149.6,90,967,"TY"
"1390","31","2018102312",12,149.6,90,967,"TY"
"1391","31","2018102312",12,149.6,90,967,"TY"
"1392","31","2018102318",12.7,148.9,110,948,"TY"
"1393","31","2018102318",12.7,148.9,110,948,"TY"
"1394","31","2018102318",12.7,148.9,110,948,"TY"
"1395","31","2018102400",13.3,148,130,927,"ST"
"1396","31","2018102400",13.3,148,130,927,"ST"
"1397","31","2018102400",13.3,148,130,927,"ST"
"1398","31","2018102406",13.9,147.1,145,908,"ST"
"1399","31","2018102406",13.9,147.1,145,908,"ST"
"1400","31","2018102406",13.9,147.1,145,908,"ST"
"1401","31","2018102412",14.6,146.2,150,905,"ST"
"1402","31","2018102412",14.6,146.2,150,905,"ST"
"1403","31","2018102412",14.6,146.2,150,905,"ST"
"1404","31","2018102418",15.3,145.2,150,904,"ST"
"1405","31","2018102418",15.3,145.2,150,904,"ST"
"1406","31","2018102418",15.3,145.2,150,904,"ST"
"1407","31","2018102500",15.8,144.1,150,906,"ST"
"1408","31","2018102500",15.8,144.1,150,906,"ST"
"1409","31","2018102500",15.8,144.1,150,906,"ST"
"1410","31","2018102506",16,143.2,145,910,"ST"
"1411","31","2018102506",16,143.2,145,910,"ST"
"1412","31","2018102506",16,143.2,145,910,"ST"
"1413","31","2018102512",16.2,142.3,140,916,"ST"
"1414","31","2018102512",16.2,142.3,140,916,"ST"
"1415","31","2018102512",16.2,142.3,140,916,"ST"
"1416","31","2018102518",16.5,141.5,135,921,"ST"
"1417","31","2018102518",16.5,141.5,135,921,"ST"
"1418","31","2018102518",16.5,141.5,135,921,"ST"
"1419","31","2018102600",16.7,140.3,135,921,"ST"
"1420","31","2018102600",16.7,140.3,135,921,"ST"
"1421","31","2018102600",16.7,140.3,135,921,"ST"
"1422","31","2018102606",17,139.1,140,916,"ST"
"1423","31","2018102606",17,139.1,140,916,"ST"
"1424","31","2018102606",17,139.1,140,916,"ST"
"1425","31","2018102612",17.2,137.7,145,912,"ST"
"1426","31","2018102612",17.2,137.7,145,912,"ST"
"1427","31","2018102612",17.2,137.7,145,912,"ST"
"1428","31","2018102618",17.5,136.2,150,906,"ST"
"1429","31","2018102618",17.5,136.2,150,906,"ST"
"1430","31","2018102618",17.5,136.2,150,906,"ST"
"1431","31","2018102700",17.7,134.7,150,905,"ST"
"1432","31","2018102700",17.7,134.7,150,905,"ST"
"1433","31","2018102700",17.7,134.7,150,905,"ST"
"1434","31","2018102706",17.8,133.3,140,916,"ST"
"1435","31","2018102706",17.8,133.3,140,916,"ST"
"1436","31","2018102706",17.8,133.3,140,916,"ST"
"1437","31","2018102712",17.9,132.2,140,917,"ST"
"1438","31","2018102712",17.9,132.2,140,917,"ST"
"1439","31","2018102712",17.9,132.2,140,917,"ST"
"1440","31","2018102718",17.9,131.1,135,922,"ST"
"1441","31","2018102718",17.9,131.1,135,922,"ST"
"1442","31","2018102718",17.9,131.1,135,922,"ST"
"1443","31","2018102800",17.9,130.1,130,926,"ST"
"1444","31","2018102800",17.9,130.1,130,926,"ST"
"1445","31","2018102800",17.9,130.1,130,926,"ST"
"1446","31","2018102806",17.9,129.1,130,925,"ST"
"1447","31","2018102806",17.9,129.1,130,925,"ST"
"1448","31","2018102806",17.9,129.1,130,925,"ST"
"1449","31","2018102812",17.7,128.1,120,937,"TY"
"1450","31","2018102812",17.7,128.1,120,937,"TY"
"1451","31","2018102812",17.7,128.1,120,937,"TY"
"1452","31","2018102818",17.4,127.1,105,953,"TY"
"1453","31","2018102818",17.4,127.1,105,953,"TY"
"1454","31","2018102818",17.4,127.1,105,953,"TY"
"1455","31","2018102900",16.9,126.2,100,956,"TY"
"1456","31","2018102900",16.9,126.2,100,956,"TY"
"1457","31","2018102900",16.9,126.2,100,956,"TY"
"1458","31","2018102906",16.8,125.3,105,951,"TY"
"1459","31","2018102906",16.8,125.3,105,951,"TY"
"1460","31","2018102906",16.8,125.3,105,951,"TY"
"1461","31","2018102912",16.8,124.2,120,938,"TY"
"1462","31","2018102912",16.8,124.2,120,938,"TY"
"1463","31","2018102912",16.8,124.2,120,938,"TY"
"1464","31","2018102918",16.7,123,105,950,"TY"
"1465","31","2018102918",16.7,123,105,950,"TY"
"1466","31","2018102918",16.7,123,105,950,"TY"
"1467","31","2018103000",16.8,121.6,90,964,"TY"
"1468","31","2018103000",16.8,121.6,90,964,"TY"
"1469","31","2018103000",16.8,121.6,90,964,"TY"
"1470","31","2018103006",16.7,120.4,75,976,"TY"
"1471","31","2018103006",16.7,120.4,75,976,"TY"
"1472","31","2018103006",16.7,120.4,75,976,"TY"
"1473","31","2018103012",16.5,119.3,65,984,"TY"
"1474","31","2018103012",16.5,119.3,65,984,"TY"
"1475","31","2018103012",16.5,119.3,65,984,"TY"
"1476","31","2018103018",16.9,118.7,60,985,"TS"
"1477","31","2018103018",16.9,118.7,60,985,"TS"
"1478","31","2018103100",17.4,118,50,992,"TS"
"1479","31","2018103100",17.4,118,50,992,"TS"
"1480","31","2018103106",18.1,117.5,50,992,"TS"
"1481","31","2018103106",18.1,117.5,50,992,"TS"
"1482","31","2018103112",18.4,117.2,50,993,"TS"
"1483","31","2018103112",18.4,117.2,50,993,"TS"
"1484","31","2018103118",18.9,116.8,50,992,"TS"
"1485","31","2018103118",18.9,116.8,50,992,"TS"
"1486","31","2018110100",19.3,116.5,55,991,"TS"
"1487","31","2018110100",19.3,116.5,55,991,"TS"
"1488","31","2018110106",19.8,116.5,60,987,"TS"
"1489","31","2018110106",19.8,116.5,60,987,"TS"
"1490","31","2018110112",20.2,116.4,60,987,"TS"
"1491","31","2018110112",20.2,116.4,60,987,"TS"
"1492","31","2018110118",20.4,116.3,50,996,"TS"
"1493","31","2018110118",20.4,116.3,50,996,"TS"
"1494","31","2018110200",20.7,116.3,40,1001,"TS"
"1495","31","2018110206",20.7,116.1,35,1003,"TS"
"1496","31","2018110212",20.4,116,25,1007,"TD"
"1497","31","2018110218",20.1,115.8,20,1007,"DB"
"1498","31","2018110300",19.9,115.6,20,1012,"DB"
"1499","31","2018110306",19.5,115.4,15,1012,"DB"
"1500","32","2018111618",9.8,113.7,20,1005,"DB"
"1501","32","2018111700",10,112.7,25,1004,"TD"
"1502","32","2018111706",10.2,112,25,1004,"TD"
"1503","32","2018111712",10.5,111.4,30,1000,"TD"
"1504","32","2018111718",10.8,110.9,30,1000,"TD"
"1505","32","2018111800",11.2,110.1,30,1004,"TD"
"1506","32","2018111806",11.7,109.2,25,1008,"TD"
"1507","32","2018111812",12,107.6,20,1009,"DB"
"1508","32","2018111818",11.5,106.6,15,1010,"LO"
"1509","32","2018111900",10.6,105.7,15,1010,"LO"
"1510","32","2018111906",9.8,105,15,1010,"LO"
"1511","32","2018111912",9.2,104.1,20,1007,"DB"
"1512","32","2018111918",8.8,103.4,20,1007,"DB"
"1513","32","2018112000",8.5,102.8,25,1004,"TD"
"1514","32","2018112006",8.3,102.1,30,1000,"TD"
"1515","32","2018112012",8.2,101.5,25,1008,"TD"
"1516","32","2018112018",8,100.9,25,1008,"TD"
"1517","32","2018112100",7.6,100.3,20,1007,"DB"
"1518","33","2018110700",7.3,179,15,1006,"WV"
"1519","33","2018110706",7.3,178.4,20,1006,"WV"
"1520","33","2018110712",7.2,177.8,15,1006,"WV"
"1521","33","2018110718",7.2,177.6,20,1005,"WV"
"1522","33","2018110800",7.2,177.4,20,1003,"WV"
"1523","33","2018110806",7.2,176.8,20,1001,"WV"
"1524","33","2018110812",7.5,176,20,1002,"WV"
"1525","33","2018110818",7.7,174.8,20,1000,"WV"
"1526","33","2018110900",8,174.1,20,1003,"WV"
"1527","33","2018110906",8.3,173.1,15,1003,"WV"
"1528","33","2018110912",8.4,172,15,1003,"WV"
"1529","33","2018110918",8.5,171.3,20,1004,"WV"
"1530","33","2018111000",8.5,170.6,20,1004,"WV"
"1531","33","2018111006",8.5,169.6,25,1005,"WV"
"1532","33","2018111012",8.8,168.5,25,1005,"WV"
"1533","33","2018111018",9.8,167.3,25,1003,"WV"
"1534","33","2018111100",10.6,165.9,25,1005,"WV"
"1535","33","2018111106",11.2,164.4,20,1006,"WV"
"1536","33","2018111112",11.5,162.8,20,1006,"WV"
"1537","33","2018111118",11.5,161.7,20,1006,"WV"
"1538","33","2018111200",11.2,160.7,20,1007,"WV"
"1539","33","2018111206",10.6,159.7,15,1005,"DB"
"1540","33","2018111212",10.1,158.5,15,1007,"DB"
"1541","33","2018111218",9.5,157.5,15,1007,"DB"
"1542","33","2018111300",9.7,157,15,1007,"WV"
"1543","33","2018111306",9.7,156.1,15,1007,"WV"
"1544","33","2018111312",9.5,155.2,15,1007,"WV"
"1545","33","2018111318",9.3,154.4,15,1007,"WV"
"1546","33","2018111400",9.2,153.6,15,1007,"WV"
"1547","33","2018111406",9.1,152.5,15,1006,"WV"
"1548","33","2018111412",8.9,150.9,15,1008,"WV"
"1549","33","2018111418",8.7,149.5,20,1006,"WV"
"1550","33","2018111500",8.6,148.9,15,1008,"WV"
"1551","33","2018111506",8.4,148.4,15,1008,"WV"
"1552","33","2018111512",8.2,147.7,15,1008,"WV"
"1553","33","2018111518",7.9,146.7,20,1005,"DB"
"1554","33","2018111600",7.7,145.7,20,1005,"DB"
"1555","33","2018111606",7.7,144.7,20,1005,"DB"
"1556","33","2018111612",7.9,143.3,20,1004,"DB"
"1557","33","2018111618",7.8,142.1,20,1002,"DB"
"1558","33","2018111700",7.6,141.1,20,1004,"DB"
"1559","33","2018111706",7.4,140.1,20,1004,"DB"
"1560","33","2018111712",7.1,138.5,25,1004,"TD"
"1561","33","2018111718",6.8,136.9,25,1004,"TD"
"1562","33","2018111800",6.4,135.1,25,1006,"TD"
"1563","33","2018111806",6.2,134.4,30,1003,"TD"
"1564","33","2018111812",6.7,133.8,30,1003,"TD"
"1565","33","2018111818",7.3,133.2,30,1004,"TD"
"1566","33","2018111900",8,132.5,30,1004,"TD"
"1567","33","2018111906",8.7,131.1,30,1003,"TD"
"1568","33","2018111912",9.3,129.9,30,1004,"TD"
"1569","33","2018111918",9.8,128.9,30,1004,"TD"
"1570","33","2018112000",10.2,128,30,1005,"TD"
"1571","33","2018112006",10.6,127.1,30,1002,"TD"
"1572","33","2018112012",11,126.3,25,1006,"TD"
"1573","33","2018112018",11.4,125.2,20,1008,"DB"
"1574","33","2018112100",11.4,123.4,20,1009,"DB"
"1575","33","2018112106",11.1,122,20,1007,"DB"
"1576","33","2018112112",10.7,120.7,25,1008,"TD"
"1577","33","2018112118",11,118.8,30,1006,"TD"
"1578","33","2018112200",11.2,117.3,35,1004,"TS"
"1579","33","2018112206",11.3,115.7,40,1003,"TS"
"1580","33","2018112212",11.1,114.3,40,1003,"TS"
"1581","33","2018112218",10.7,113.6,45,1002,"TS"
"1582","33","2018112300",10.7,112.7,50,999,"TS"
"1583","33","2018112300",10.7,112.7,50,999,"TS"
"1584","33","2018112306",10.5,111.7,60,992,"TS"
"1585","33","2018112306",10.5,111.7,60,992,"TS"
"1586","33","2018112312",10.2,110.9,65,989,"TY"
"1587","33","2018112312",10.2,110.9,65,989,"TY"
"1588","33","2018112312",10.2,110.9,65,989,"TY"
"1589","33","2018112318",9.9,110.2,80,979,"TY"
"1590","33","2018112318",9.9,110.2,80,979,"TY"
"1591","33","2018112318",9.9,110.2,80,979,"TY"
"1592","33","2018112400",9.6,109.5,90,971,"TY"
"1593","33","2018112400",9.6,109.5,90,971,"TY"
"1594","33","2018112400",9.6,109.5,90,971,"TY"
"1595","33","2018112406",9.6,108.8,85,975,"TY"
"1596","33","2018112406",9.6,108.8,85,975,"TY"
"1597","33","2018112406",9.6,108.8,85,975,"TY"
"1598","33","2018112412",9.8,108.3,75,982,"TY"
"1599","33","2018112412",9.8,108.3,75,982,"TY"
"1600","33","2018112412",9.8,108.3,75,982,"TY"
"1601","33","2018112418",9.9,108,65,989,"TY"
"1602","33","2018112418",9.9,108,65,989,"TY"
"1603","33","2018112418",9.9,108,65,989,"TY"
"1604","33","2018112500",10,107.8,55,996,"TS"
"1605","33","2018112500",10,107.8,55,996,"TS"
"1606","33","2018112506",10.2,107.6,45,999,"TS"
"1607","33","2018112512",10.5,107.2,35,1001,"TS"
"1608","33","2018112518",10.7,106.9,30,1007,"TD"
"1609","33","2018112600",11,106.4,25,1009,"TD"
"1610","33","2018112606",11.3,105.8,25,1004,"TD"
"1611","33","2018112612",11.5,105.3,20,1007,"DB"
"1612","34","2018112006",4.5,154.9,20,1004,"DB"
"1613","34","2018112012",4.7,154,25,1004,"TD"
"1614","34","2018112018",5.8,152.7,35,1003,"TS"
"1615","34","2018112100",6.8,150.8,40,1001,"TS"
"1616","34","2018112106",8.2,149.1,50,995,"TS"
"1617","34","2018112106",8.2,149.1,50,995,"TS"
"1618","34","2018112112",9,146.2,60,992,"TS"
"1619","34","2018112112",9,146.2,60,992,"TS"
"1620","34","2018112118",9.5,143.8,70,987,"TY"
"1621","34","2018112118",9.5,143.8,70,987,"TY"
"1622","34","2018112118",9.5,143.8,70,987,"TY"
"1623","34","2018112200",10.6,141.8,80,980,"TY"
"1624","34","2018112200",10.6,141.8,80,980,"TY"
"1625","34","2018112200",10.6,141.8,80,980,"TY"
"1626","34","2018112206",11.8,139.8,85,975,"TY"
"1627","34","2018112206",11.8,139.8,85,975,"TY"
"1628","34","2018112206",11.8,139.8,85,975,"TY"
"1629","34","2018112212",12.7,138.3,90,970,"TY"
"1630","34","2018112212",12.7,138.3,90,970,"TY"
"1631","34","2018112212",12.7,138.3,90,970,"TY"
"1632","34","2018112218",13.6,137.2,95,967,"TY"
"1633","34","2018112218",13.6,137.2,95,967,"TY"
"1634","34","2018112218",13.6,137.2,95,967,"TY"
"1635","34","2018112300",14.5,136.2,90,971,"TY"
"1636","34","2018112300",14.5,136.2,90,971,"TY"
"1637","34","2018112300",14.5,136.2,90,971,"TY"
"1638","34","2018112306",15.5,135.7,90,970,"TY"
"1639","34","2018112306",15.5,135.7,90,970,"TY"
"1640","34","2018112306",15.5,135.7,90,970,"TY"
"1641","34","2018112312",16.5,135.4,90,971,"TY"
"1642","34","2018112312",16.5,135.4,90,971,"TY"
"1643","34","2018112312",16.5,135.4,90,971,"TY"
"1644","34","2018112318",17.4,135.4,90,970,"TY"
"1645","34","2018112318",17.4,135.4,90,970,"TY"
"1646","34","2018112318",17.4,135.4,90,970,"TY"
"1647","34","2018112400",17.9,135.5,85,959,"TY"
"1648","34","2018112400",17.9,135.5,85,959,"TY"
"1649","34","2018112400",17.9,135.5,85,959,"TY"
"1650","34","2018112406",18.3,135.9,80,976,"TY"
"1651","34","2018112406",18.3,135.9,80,976,"TY"
"1652","34","2018112406",18.3,135.9,80,976,"TY"
"1653","34","2018112412",18.5,136.2,80,977,"TY"
"1654","34","2018112412",18.5,136.2,80,977,"TY"
"1655","34","2018112412",18.5,136.2,80,977,"TY"
"1656","34","2018112415",18.6,136.3,80,977,"TY"
"1657","34","2018112415",18.6,136.3,80,977,"TY"
"1658","34","2018112415",18.6,136.3,80,977,"TY"
"1659","34","2018112418",18.5,136.1,85,973,"TY"
"1660","34","2018112418",18.5,136.1,85,973,"TY"
"1661","34","2018112418",18.5,136.1,85,973,"TY"
"1662","34","2018112500",18.3,136,95,963,"TY"
"1663","34","2018112500",18.3,136,95,963,"TY"
"1664","34","2018112500",18.3,136,95,963,"TY"
"1665","34","2018112506",18.3,135.8,85,971,"TY"
"1666","34","2018112506",18.3,135.8,85,971,"TY"
"1667","34","2018112506",18.3,135.8,85,971,"TY"
"1668","34","2018112512",18.5,135,80,977,"TY"
"1669","34","2018112512",18.5,135,80,977,"TY"
"1670","34","2018112512",18.5,135,80,977,"TY"
"1671","34","2018112518",19,133.8,65,989,"TY"
"1672","34","2018112518",19,133.8,65,989,"TY"
"1673","34","2018112518",19,133.8,65,989,"TY"
"1674","34","2018112600",19.6,133,45,1003,"TS"
"1675","34","2018112606",20.3,132.3,40,1005,"TS"
"1676","34","2018112612",20.8,132,30,1006,"TD"
"1677","34","2018112618",21.7,131.9,30,1006,"TD"
"1678","34","2018112700",22.6,132.3,30,1007,"TD"
"1679","34","2018112706",23.2,132.7,30,1008,"TD"
"1680","34","2018112712",23.7,133.3,30,1008,"TD"
"1681","34","2018112718",24.5,134.5,30,1008,"EX"
"1682","34","2018112800",25.9,135.6,30,1010,"EX"
"1683","35","2018122312",6.8,140.4,20,1006,"DB"
"1684","35","2018122318",6.9,139.2,20,1006,"DB"
"1685","35","2018122400",7,138,20,1006,"DB"
"1686","35","2018122406",7,137.1,20,1005,"DB"
"1687","35","2018122412",7.1,136.5,20,1005,"DB"
"1688","35","2018122418",7.2,136,20,1005,"DB"
"1689","35","2018122500",7.6,135.7,20,1005,"DB"
"1690","35","2018122506",8.3,135.3,20,1005,"DB"
"1691","35","2018122512",9,134.8,20,1004,"LO"
"1692","35","2018122518",9.7,133.9,20,1004,"LO"
"1693","35","2018122600",9.8,132.9,20,1004,"LO"
"1694","35","2018122606",9.6,131.9,25,1003,"LO"
"1695","35","2018122612",9.8,131.4,25,1003,"LO"
"1696","35","2018122618",9.7,131.2,25,1002,"LO"
"1697","35","2018122700",9.9,130.9,25,1003,"TD"
"1698","35","2018122706",10.2,130.1,25,1002,"TD"
"1699","35","2018122712",10.4,129.5,25,1001,"TD"
"1700","35","2018122718",10.6,129.1,25,1001,"TD"
"1701","35","2018122800",10.7,128.8,30,999,"TD"
"1702","35","2018122806",10.8,128.5,30,998,"TD"
"1703","35","2018122812",11,127.7,25,1001,"LO"
"1704","36","2018123012",8.3,115.1,15,1009,"LO"
"1705","36","2018123018",8.5,114.3,20,1007,"DB"
"1706","36","2018123100",8.6,113.3,20,1008,"DB"
"1707","36","2018123106",8,112.1,25,1006,"TD"
"1708","36","2018123112",7.3,111.3,30,1004,"TD"
"1709","36","2018123118",7,111,30,1004,"TD"
"1710","36","2019010100",6.7,110.9,35,1001,"TS"
"1711","36","2019010106",6.2,110.3,35,1000,"TS"
"1712","36","2019010112",5.9,109.8,35,1000,"TS"
"1713","36","2019010118",5.8,109.2,35,1001,"TS"
"1714","36","2019010200",5.9,108.7,35,1001,"TS"
"1715","36","2019010206",6.1,108,35,1001,"TS"
"1716","36","2019010212",6,107,40,999,"TS"
"1717","36","2019010218",5.9,106.2,40,999,"TS"
"1718","36","2019010300",5.9,105.3,40,1000,"TS"
"1719","36","2019010306",6.2,104.4,40,1000,"TS"
"1720","36","2019010312",6.6,103.5,40,1000,"TS"
"1721","36","2019010318",7.3,102.7,45,998,"TS"
"1722","36","2019010400",8,101.8,50,996,"TS"
"1723","36","2019010400",8,101.8,50,996,"TS"
"1724","36","2019010406",8.2,100.7,50,996,"TS"
"1725","36","2019010406",8.2,100.7,50,996,"TS"
"1726","36","2019010412",8.3,99.6,40,1001,"TS"
"1727","36","2019010418",8.6,99,35,1004,"TS"
"1728","36","2019010500",9.1,98.5,30,1006,"TD"
"1729","36","2019010506",9.6,98.1,30,1005,"TD"
"1730","36","2019010512",10.1,97.3,25,1007,"TD"
"1731","36","2019010518",10.4,96.5,30,1004,"TD"
"1732","36","2019010600",10.7,95.1,25,1006,"TD"
"1733","36","2019010606",10.9,93.4,25,1007,"TD"
"1734","36","2019010612",11.1,92.1,20,1009,"DB"
"1735","36","2019010618",11.6,91.1,20,1009,"DB"
"1736","36","2019010700",12,90.1,20,1009,"DB"
"1737","36","2019010706",12.3,90.2,20,1009,"DB"
